# word<TAB>count — self-count of Gutenberg PD texts; not CC-BY-SA wordfreq
# Sources: pg11.txt, pg1661.txt, pg1342.txt, pg84.txt, pg46.txt, pg35.txt
the	20188
and	13008
of	11604
to	11337
in	6385
was	5644
that	5527
it	5434
you	4308
he	4185
my	4096
his	3642
her	3476
had	3440
as	3381
with	3314
not	3111
she	3087
but	2932
for	2917
is	2719
be	2652
have	2563
at	2525
me	2425
which	2137
on	2080
by	1818
this	1810
said	1766
him	1714
all	1691
from	1657
so	1652
were	1652
they	1474
no	1379
what	1331
there	1319
been	1299
very	1287
when	1267
could	1245
your	1235
would	1223
one	1210
an	1151
we	1126
mr	1113
if	1098
are	1064
or	1030
will	1009
their	983
them	975
do	934
then	924
upon	922
who	905
more	839
little	826
now	799
time	796
some	790
into	782
out	780
up	753
man	745
elizabeth	737
am	716
such	714
did	705
should	700
before	687
than	671
must	665
has	658
any	649
know	640
only	632
how	625
its	620
can	615
much	613
well	605
down	598
see	594
may	586
about	574
other	574
might	543
think	539
again	528
never	514
own	496
our	494
good	491
after	487
shall	487
first	485
came	475
like	469
holmes	466
us	451
over	448
every	440
day	437
two	434
mrs	433
these	433
darcy	432
most	432
thought	423
room	421
made	420
nothing	416
alice	411
miss	411
saw	410
come	409
yet	398
being	393
here	381
say	381
soon	380
where	377
great	375
father	373
myself	371
way	370
away	363
though	363
last	362
too	360
ever	357
long	351
found	350
make	349
even	348
without	348
dear	345
herself	345
bennet	339
eyes	335
went	334
house	329
heard	328
night	324
however	317
scrooge	314
go	313
bingley	310
felt	310
still	308
back	307
just	306
jane	303
himself	301
quite	301
door	298
sister	297
lady	292
hand	288
seemed	285
off	284
young	284
through	281
friend	280
many	277
same	277
while	277
life	276
oh	276
indeed	270
looked	267
mind	267
those	263
face	260
old	258
once	258
why	258
place	254
left	253
cried	252
towards	251
enough	250
always	249
morning	249
took	246
another	243
give	243
cannot	241
tell	241
yes	241
head	240
few	237
hope	235
perhaps	234
family	232
let	229
half	224
take	224
look	223
round	223
moment	222
done	221
seen	221
whom	221
three	219
began	218
right	217
having	216
thing	215
find	212
light	209
rather	207
something	206
mother	205
put	204
passed	203
better	201
wickham	200
wish	200
far	199
knew	198
whole	198
believe	195
sure	195
world	194
hands	193
side	193
love	192
get	191
collins	190
sir	189
woman	189
asked	186
years	184
anything	183
letter	183
heart	182
really	182
often	180
replied	180
sat	180
between	178
case	178
matter	178
against	177
looking	176
lydia	176
work	176
home	174
among	173
course	173
kind	172
people	172
told	172
feelings	171
until	171
also	170
poor	170
part	169
turned	169
words	169
end	168
got	168
next	167
gave	166
under	166
manner	165
voice	165
each	164
illustration	164
chapter	162
gone	162
happy	162
does	160
hear	160
certainly	159
less	159
business	157
almost	155
both	155
going	154
leave	154
men	154
things	152
days	151
pleasure	150
present	150
small	150
whose	150
appeared	149
returned	149
nor	148
fire	146
doubt	145
evening	145
hardly	145
since	145
white	144
because	142
country	142
during	142
new	142
least	141
near	140
air	139
idea	138
ill	138
name	138
together	138
within	136
spirit	135
strange	135
table	135
word	135
catherine	134
death	134
feel	134
open	134
therefore	134
whether	134
already	133
spoke	133
yourself	133
possible	132
set	132
brought	131
friends	131
large	131
sometimes	131
speak	131
wife	131
coming	130
happiness	130
read	130
till	130
return	129
became	128
called	128
either	128
alone	127
daughter	127
entered	127
others	127
several	127
attention	125
suddenly	125
town	125
walked	125
nature	124
point	124
rest	124
subject	124
fear	123
behind	122
dark	121
hour	121
means	121
window	121
answer	120
everything	120
help	120
given	119
brother	118
uncle	116
understand	116
london	115
street	115
continued	114
don	114
taken	114
best	113
girl	113
known	113
suppose	113
answered	112
marriage	112
minutes	112
reason	112
stood	112
black	111
feeling	111
want	111
four	110
child	109
cold	109
added	108
affection	107
lost	106
met	106
person	106
certain	105
conversation	105
gentleman	105
lay	105
machine	105
power	105
thus	105
christmas	104
five	104
received	103
character	102
remember	102
short	102
call	101
change	101
followed	101
full	101
sherlock	101
able	100
aunt	100
else	100
human	100
king	100
spirits	100
use	99
ghost	98
gutenberg	98
high	98
ask	97
colonel	97
gardiner	97
ground	97
lizzy	97
ll	97
opened	97
opinion	97
seeing	97
wonder	97
question	96
tried	96
above	95
ladies	95
son	95
st	95
interest	94
account	93
true	93
married	92
money	92
past	92
red	92
across	91
fellow	91
silence	91
year	91
bed	90
happened	90
none	90
project	90
story	90
clear	89
creature	89
hours	89
live	89
longer	89
object	89
party	89
perfectly	89
walk	89
children	88
different	88
earth	88
keep	88
longbourn	88
mean	88
mine	88
observed	88
sight	88
sun	88
chair	87
charlotte	87
feet	87
ran	87
sound	87
sense	86
turn	86
appearance	85
care	85
eye	85
husband	85
sort	85
used	85
afraid	84
immediately	84
itself	84
ten	84
visit	84
william	84
sisters	83
cause	82
companion	82
forward	82
general	82
remained	82
scene	82
thoughts	82
watson	82
beautiful	81
ought	81
remarked	81
second	81
silent	81
impossible	80
surprise	80
thousand	80
cousin	79
engaged	79
knowledge	79
length	79
miserable	79
queen	79
strong	79
ago	78
determined	78
hard	78
surprised	78
afterwards	77
along	77
hair	77
making	77
nearly	77
wished	77
acquaintance	76
expected	76
likely	76
sitting	76
times	76
delight	75
glad	75
struck	75
future	74
misery	74
months	74
state	74
talk	74
beyond	73
instantly	73
led	73
netherfield	73
pray	73
resolved	73
scarcely	73
sea	73
week	73
although	72
dead	72
drew	72
entirely	72
honour	72
horror	72
imagine	72
journey	72
kitty	72
natural	72
rose	72
traveller	72
clock	71
close	71
fell	71
late	71
lucas	71
carriage	70
countenance	70
deep	70
manners	70
mary	70
master	70
minute	70
self	70
talking	70
god	69
beauty	68
early	68
meet	68
neither	68
saying	68
truth	68
wood	68
appear	67
become	67
darkness	67
deal	67
doing	67
pride	67
real	67
seems	67
situation	67
dare	66
form	66
ve	66
write	66
age	65
former	65
greater	65
letters	65
paper	65
society	65
usual	65
arrived	64
boy	64
front	64
lived	64
ready	64
save	64
stay	64
chance	63
dinner	63
easily	63
easy	63
fact	63
fortune	63
garden	63
desire	62
exactly	62
fixed	62
free	62
joy	62
kindness	62
pain	62
road	62
settled	62
taking	62
themselves	62
tone	62
waiting	62
company	61
convinced	61
despair	61
george	61
hall	61
held	61
low	61
mock	61
purpose	61
regard	61
water	61
bright	60
de	60
everybody	60
except	60
fancy	60
laughed	60
lord	60
placed	60
seven	60
spent	60
tears	60
turning	60
turtle	60
whatever	60
behaviour	59
believed	59
clerval	59
court	59
excellent	59
instant	59
necessary	59
need	59
pleased	59
promise	59
sorry	59
twenty	59
view	59
absolutely	58
allowed	58
anyone	58
body	58
creatures	58
dance	58
danger	58
figure	58
fine	58
seem	58
sky	58
thank	58
threw	58
walking	58
allow	57
assure	57
circumstances	57
distance	57
expressed	57
girls	57
hopes	57
merely	57
meryton	57
news	57
pretty	57
terms	57
thinking	57
amiable	56
breakfast	56
bring	56
consider	56
corner	56
curiosity	56
discovered	56
expect	56
greatest	56
hatter	56
lips	56
listened	56
papers	56
presently	56
smile	56
soul	56
sudden	56
agreeable	55
ah	55
book	55
carried	55
copyright	55
daughters	55
grew	55
gryphon	55
hat	55
heavy	55
hurried	55
instead	55
justine	55
latter	55
obliged	55
occasion	55
pemberley	55
rabbit	55
satisfied	55
won	55
written	55
cut	54
degree	54
expression	54
further	54
kept	54
nephew	54
pass	54
pleasant	54
re	54
running	54
sleep	54
standing	54
weena	54
arm	53
assured	53
effect	53
gentlemen	53
marry	53
reached	53
sent	53
slight	53
step	53
stone	53
talked	53
wind	53
comfort	52
common	52
cottage	52
evil	52
living	52
match	52
pocket	52
police	52
serious	52
trees	52
astonishment	51
beside	51
blue	51
fair	51
following	51
forth	51
gentle	51
information	51
interesting	51
laid	51
probably	51
six	51
yours	51
bob	50
broken	50
caught	50
endeavoured	50
exclaimed	50
felix	50
green	50
loved	50
note	50
occurred	50
particular	50
particularly	50
please	50
steps	50
windows	50
wrong	50
address	49
advantage	49
bell	49
conduct	49
crime	49
died	49
dreadful	49
drove	49
fall	49
floor	49
formed	49
fresh	49
getting	49
memory	49
play	49
quick	49
rosings	49
trouble	49
bear	48
clothes	48
direction	48
follow	48
morlocks	48
morrow	48
rushed	48
scrooges	48
wanted	48
arms	47
arrival	47
attempt	47
beginning	47
city	47
colour	47
comes	47
dress	47
england	47
explain	47
handsome	47
laughing	47
neighbourhood	47
respect	47
shook	47
show	47
sit	47
unable	47
wait	47
wishes	47
ball	46
besides	46
confess	46
existence	46
ha	46
health	46
heaven	46
ice	46
importance	46
joined	46
laugh	46
learn	46
line	46
march	46
meant	46
miles	46
opportunity	46
peace	46
promised	46
sake	46
secret	46
spite	46
started	46
unless	46
absence	45
acquainted	45
admiration	45
anxious	45
closed	45
duchess	45
hundred	45
lamp	45
repeated	45
rooms	45
speaking	45
younger	45
youth	45
begin	44
civility	44
considerable	44
dressed	44
enter	44
exceedingly	44
knowing	44
law	44
mentioned	44
mouse	44
moved	44
notice	44
perceived	44
presence	44
public	44
quiet	44
receive	44
remain	44
remembered	44
showed	44
slowly	44
stranger	44
sweet	44
tale	44
temper	44
works	44
wretched	44
wrote	44
around	43
baker	43
blood	43
books	43
cat	43
changed	43
die	43
facts	43
finished	43
ladyship	43
office	43
passage	43
peculiar	43
perfect	43
possessed	43
reply	43
safe	43
seek	43
strength	43
weeks	43
writing	43
bad	42
box	42
coat	42
considered	42
deeply	42
delighted	42
doctor	42
dont	42
hold	42
important	42
listen	42
marked	42
moon	42
order	42
paid	42
pale	42
send	42
single	42
stopped	42
success	42
twice	42
visitor	42
wild	42
advice	41
bourgh	41
curious	41
drawn	41
dream	41
equal	41
event	41
filled	41
finding	41
giving	41
grief	41
hearing	41
hertfordshire	41
mere	41
mountains	41
niece	41
pointed	41
sensations	41
simon	41
supposed	41
vain	41
waited	41
wedding	41
angry	40
covered	40
disposition	40
dormouse	40
drawing	40
eight	40
extraordinary	40
favour	40
foot	40
glass	40
grey	40
liked	40
mad	40
merry	40
mistaken	40
outside	40
path	40
quickly	40
remarkable	40
simple	40
singular	40
spoken	40
study	40
unhappy	40
watch	40
beg	39
capable	39
charge	39
credit	39
cry	39
events	39
explanation	39
express	39
forgotten	39
forster	39
hastily	39
hoped	39
horrible	39
innocent	39
join	39
leaving	39
looks	39
meaning	39
mention	39
officers	39
passion	39
plain	39
quietly	39
reading	39
shown	39
snow	39
tea	39
wonderful	39
yesterday	39
addressed	38
allen	38
approached	38
below	38
clearly	38
consequence	38
courage	38
dearest	38
especially	38
frequently	38
highly	38
humour	38
lestrade	38
noble	38
offer	38
ourselves	38
passing	38
piece	38
rich	38
rucastle	38
smiled	38
trust	38
try	38
various	38
women	38
affair	37
afternoon	37
anybody	37
attended	37
beheld	37
beneath	37
duty	37
eagerly	37
evidence	37
fashion	37
fate	37
favourite	37
finger	37
fitzwilliam	37
forced	37
forget	37
game	37
generally	37
goose	37
gratitude	37
henry	37
hot	37
invitation	37
knows	37
land	37
lane	37
loss	37
mccarthy	37
meeting	37
observe	37
possibly	37
raised	37
sensible	37
shut	37
smiling	37
trying	37
understood	37
vanished	37
alive	36
difficulty	36
eat	36
excuse	36
feared	36
frightened	36
geneva	36
lovely	36
makes	36
moments	36
neck	36
nobody	36
otherwise	36
pay	36
pity	36
run	36
satisfaction	36
says	36
space	36
summer	36
thick	36
top	36
complete	35
desired	35
difficult	35
draw	35
ears	35
experience	35
features	35
fiend	35
force	35
hill	35
history	35
houses	35
hurry	35
impression	35
inquiries	35
justice	35
language	35
mystery	35
number	35
opening	35
pause	35
persuaded	35
plan	35
rain	35
returning	35
river	35
servant	35
sufficient	35
thin	35
unfortunate	35
watching	35
worth	35
agony	34
angel	34
attentions	34
bound	34
ceased	34
church	34
connection	34
endeavour	34
extreme	34
fallen	34
gained	34
glance	34
hung	34
imagination	34
influence	34
learned	34
lying	34
medical	34
melancholy	34
monster	34
mouth	34
move	34
obvious	34
occupied	34
philips	34
pool	34
proceeded	34
questions	34
reach	34
recovered	34
science	34
seated	34
secure	34
sounds	34
speech	34
station	34
winter	34
witness	34
anxiety	33
attachment	33
brown	33
cases	33
dared	33
delightful	33
depend	33
dropped	33
escape	33
extremely	33
hare	33
hurst	33
lit	33
lose	33
matters	33
middle	33
noticed	33
period	33
pounds	33
putting	33
removed	33
rising	33
seized	33
spot	33
stop	33
superior	33
united	33
warm	33
weather	33
appears	32
bent	32
claim	32
concerning	32
connected	32
destroyed	32
disappointment	32
enemy	32
examined	32
farther	32
fond	32
greatly	32
heading	32
ideas	32
judge	32
larger	32
madam	32
majesty	32
murder	32
murderer	32
park	32
prevent	32
produced	32
proper	32
proved	32
quitted	32
relations	32
remark	32
shadow	32
stairs	32
stand	32
streets	32
suffer	32
suffered	32
surely	32
whenever	32
anger	31
animal	31
bit	31
blind	31
calling	31
calm	31
caused	31
chamber	31
cheerful	31
client	31
concern	31
continually	31
cratchit	31
discover	31
discovery	31
drive	31
food	31
fortnight	31
fortunate	31
glanced	31
intention	31
john	31
kindly	31
lake	31
later	31
lead	31
leaves	31
month	31
music	31
names	31
north	31
overcome	31
painful	31
persuade	31
picture	31
position	31
possession	31
related	31
resolution	31
sharp	31
shoulder	31
tiny	31
worse	31
act	30
affectionate	30
alarm	30
alas	30
altogether	30
avoid	30
beloved	30
consolation	30
dancing	30
didn	30
directed	30
dressing	30
eager	30
equally	30
evidently	30
familiar	30
fast	30
grave	30
growing	30
ignorant	30
increased	30
intelligence	30
jury	30
misfortune	30
native	30
nearer	30
partner	30
points	30
powers	30
rage	30
regret	30
shape	30
size	30
tall	30
third	30
vast	30
wall	30
wholly	30
anguish	29
bird	29
broke	29
cab	29
caterpillar	29
chin	29
circumstance	29
concerned	29
describe	29
design	29
directly	29
dislike	29
doors	29
dr	29
english	29
estate	29
excited	29
expectation	29
faces	29
fears	29
flowers	29
foundation	29
glancing	29
inspector	29
intended	29
iron	29
library	29
lives	29
narrow	29
pardon	29
places	29
quarter	29
rendered	29
result	29
sentence	29
terrible	29
th	29
touched	29
train	29
tree	29
understanding	29
unknown	29
upstairs	29
victor	29
woods	29
absolute	28
austen	28
bless	28
breath	28
carry	28
choose	28
compliment	28
conviction	28
coronet	28
ease	28
endured	28
finally	28
happen	28
instance	28
key	28
lawn	28
lower	28
marrying	28
particulars	28
pipe	28
presented	28
probable	28
problem	28
progress	28
prospect	28
proud	28
race	28
rate	28
reflection	28
remains	28
retired	28
revenge	28
servants	28
signs	28
soft	28
sprang	28
spring	28
states	28
sympathy	28
thrown	28
trace	28
violence	28
violent	28
whispered	28
yellow	28
affected	27
aloud	27
apparently	27
assistance	27
bill	27
building	27
clair	27
confidence	27
confusion	27
consent	27
dining	27
drink	27
edge	27
electronic	27
engagement	27
explained	27
fit	27
frankenstein	27
gallery	27
gives	27
grow	27
holder	27
immediate	27
interrupted	27
james	27
lodge	27
mark	27
necessity	27
nine	27
opposite	27
pleasing	27
praise	27
private	27
prove	27
provided	27
quit	27
ring	27
sank	27
seat	27
share	27
shone	27
sides	27
smiles	27
someone	27
sought	27
surrounded	27
task	27
taste	27
throw	27
twelve	27
valley	27
value	27
visited	27
weak	27
wretch	27
accept	26
accepted	26
agitation	26
ashamed	26
asking	26
aware	26
beings	26
belief	26
bore	26
broad	26
carefully	26
charming	26
chief	26
conclusion	26
continue	26
contrary	26
couple	26
departure	26
difference	26
disappeared	26
dull	26
evident	26
false	26
fifty	26
gloom	26
grass	26
heavens	26
huge	26
hunsford	26
inclined	26
interested	26
judgment	26
laboratory	26
lie	26
naturally	26
nervous	26
pair	26
prepared	26
pressed	26
prevented	26
pursue	26
pursued	26
receiving	26
ruin	26
sign	26
sorrow	26
spend	26
straight	26
succeeded	26
support	26
touch	26
watched	26
worn	26
advanced	25
adventure	25
approach	25
arthur	25
birds	25
bitter	25
cast	25
cleared	25
compassion	25
consideration	25
derbyshire	25
destroy	25
employed	25
gold	25
goodness	25
headed	25
heads	25
heartily	25
inquiry	25
longed	25
maid	25
monday	25
moving	25
nose	25
occasionally	25
photograph	25
psychologist	25
pulled	25
raise	25
readily	25
reflections	25
relief	25
sad	25
safie	25
seldom	25
slow	25
square	25
stars	25
terror	25
travelling	25
triumph	25
village	25
wandered	25
welcome	25
yard	25
accustomed	24
admire	24
big	24
boots	24
break	24
brighton	24
burst	24
bye	24
chain	24
civil	24
comfortable	24
companions	24
cottagers	24
cross	24
devoted	24
dog	24
double	24
due	24
earnest	24
earnestly	24
eldest	24
failed	24
fingers	24
firm	24
generous	24
habit	24
innocence	24
inquired	24
knees	24
labour	24
lately	24
limbs	24
listening	24
lively	24
loose	24
motive	24
murdered	24
observing	24
ordered	24
parted	24
paused	24
pursuit	24
queer	24
recollection	24
refuse	24
regiment	24
scotland	24
sensation	24
shoulders	24
sphinx	24
sum	24
trembling	24
usually	24
violently	24
virtue	24
visible	24
ways	24
weight	24
accompanied	23
actually	23
art	23
bare	23
bestow	23
blow	23
bringing	23
burning	23
busy	23
centre	23
cheeks	23
circle	23
comprehend	23
conceal	23
creation	23
departed	23
destruction	23
details	23
dim	23
dozen	23
dust	23
ear	23
education	23
eliza	23
endeavouring	23
enjoyment	23
field	23
frank	23
golden	23
hanging	23
hearts	23
highest	23
hosmer	23
humanity	23
inclination	23
intimate	23
judged	23
league	23
lines	23
locked	23
matches	23
odd	23
offended	23
persons	23
possibility	23
puzzled	23
request	23
required	23
rise	23
satisfy	23
saturday	23
search	23
season	23
shoes	23
sooner	23
stretched	23
suit	23
sunk	23
swiftly	23
taught	23
telling	23
tim	23
travelled	23
trial	23
union	23
unpleasant	23
utter	23
warmth	23
wide	23
action	22
advertisement	22
agatha	22
approaching	22
attached	22
bestowed	22
blame	22
caroline	22
choice	22
chose	22
committed	22
constant	22
declared	22
delicate	22
distress	22
dry	22
dwelling	22
dying	22
effort	22
example	22
fish	22
frame	22
furniture	22
grown	22
holding	22
hunter	22
legs	22
lock	22
misfortunes	22
objects	22
observation	22
parents	22
post	22
precious	22
principal	22
proceed	22
property	22
rank	22
reflect	22
relate	22
roof	22
scheme	22
seriously	22
shore	22
shortly	22
shouted	22
smoke	22
solemn	22
somewhat	22
south	22
steady	22
strongly	22
suggested	22
thy	22
turner	22
vengeance	22
victim	22
wants	22
west	22
wilson	22
acknowledged	21
add	21
afford	21
agreed	21
agreement	21
amusement	21
apply	21
astonished	21
baby	21
beat	21
bedroom	21
boat	21
clever	21
clouds	21
clue	21
considering	21
contents	21
created	21
crowd	21
date	21
deceived	21
delay	21
distant	21
distinct	21
dread	21
editor	21
entering	21
gently	21
goes	21
handed	21
hate	21
hesitated	21
hitherto	21
immense	21
inside	21
instrument	21
learnt	21
motion	21
offered	21
ones	21
parts	21
perceive	21
permission	21
philosophy	21
plainly	21
proof	21
pushed	21
rapidly	21
respectable	21
restored	21
roylott	21
scenes	21
shaking	21
shining	21
ship	21
slept	21
slipped	21
soup	21
speedily	21
stared	21
start	21
startled	21
stepfather	21
suspicion	21
thirty	21
urged	21
wore	21
accident	20
affairs	20
agree	20
ancient	20
anxiously	20
aside	20
awoke	20
bar	20
bow	20
branches	20
bushes	20
certainty	20
composure	20
cratchits	20
creator	20
decided	20
described	20
dine	20
disappointed	20
duties	20
empty	20
endure	20
faint	20
fancied	20
favourable	20
flight	20
folly	20
forgive	20
hide	20
hills	20
hint	20
horse	20
informed	20
inn	20
leisure	20
license	20
loud	20
lover	20
mankind	20
maria	20
marley	20
mistake	20
moral	20
mountain	20
pointing	20
practice	20
previous	20
reasonable	20
reflected	20
report	20
resentment	20
saved	20
solitary	20
solitude	20
strike	20
teeth	20
thanks	20
tired	20
trembled	20
truly	20
useful	20
useless	20
utmost	20
vague	20
vessel	20
weary	20
windibank	20
wooden	20
wouldn	20
accordingly	19
amid	19
application	19
applied	19
asleep	19
band	19
bottom	19
bronze	19
card	19
catch	19
chosen	19
command	19
concluded	19
conditions	19
connections	19
contempt	19
crossed	19
determine	19
devil	19
direct	19
dreaded	19
driven	19
emotion	19
energy	19
enjoy	19
escaped	19
examination	19
fail	19
figures	19
fly	19
foolish	19
freely	19
frequent	19
friendship	19
frightful	19
geese	19
grasp	19
grateful	19
guess	19
heavily	19
housekeeper	19
improved	19
income	19
introduce	19
labours	19
laughter	19
laws	19
lest	19
likewise	19
missed	19
nay	19
neville	19
nice	19
noise	19
parsonage	19
patience	19
pen	19
peter	19
playing	19
prison	19
profession	19
refused	19
relation	19
roused	19
school	19
security	19
shadows	19
sheet	19
simply	19
sole	19
stoner	19
supposing	19
theory	19
throwing	19
tranquillity	19
undoubtedly	19
voices	19
walls	19
wet	19
worked	19
acted	18
adventures	18
aid	18
altered	18
apartment	18
apprehension	18
attempted	18
bank	18
begun	18
bowed	18
capital	18
carrying	18
cellar	18
cloud	18
coloured	18
communication	18
comply	18
concealed	18
confused	18
coroner	18
delicacy	18
description	18
disagreeable	18
disposed	18
doubtless	18
drop	18
entrance	18
exertion	18
falling	18
fatigue	18
felicity	18
fezziwig	18
fields	18
gain	18
german	18
gown	18
gradually	18
guilt	18
habits	18
hatherley	18
hers	18
horses	18
ignorance	18
impressed	18
increasing	18
indifference	18
indifferent	18
introduction	18
joe	18
keeping	18
leaning	18
lessons	18
lies	18
metal	18
mile	18
mistress	18
mon	18
narrative	18
nonsense	18
objection	18
palace	18
patient	18
press	18
remaining	18
remarks	18
residence	18
safety	18
senses	18
service	18
shade	18
shot	18
somebody	18
somewhere	18
spare	18
species	18
spread	18
subjects	18
supper	18
tail	18
thither	18
tolerable	18
traces	18
travel	18
unlike	18
valuable	18
vanity	18
visitors	18
waves	18
wept	18
wishing	18
wondering	18
wound	18
wretchedness	18
youngest	18
advise	17
animated	17
assist	17
assurance	17
borne	17
buy	17
chiefly	17
coffee	17
commence	17
completely	17
condition	17
conveyed	17
crimes	17
criminal	17
crown	17
daily	17
deadly	17
deserted	17
doesn	17
eagerness	17
envelope	17
examining	17
faced	17
filby	17
finish	17
fled	17
formerly	17
french	17
frost	17
gazed	17
grieved	17
guilty	17
hastened	17
height	17
incapable	17
indignation	17
intense	17
irene	17
kent	17
lever	17
liberty	17
literary	17
marleys	17
material	17
modern	17
neighbours	17
occur	17
older	17
page	17
parlour	17
performed	17
politeness	17
prevailed	17
pronounced	17
reasoning	17
remarkably	17
remorse	17
scattered	17
secrecy	17
setting	17
severe	17
sincerely	17
song	17
spared	17
star	17
stream	17
struggle	17
suspected	17
takes	17
thumb	17
tolerably	17
trap	17
upper	17
uttered	17
ventured	17
voyage	17
wealth	17
wear	17
whence	17
whisper	17
abode	16
accomplished	16
adler	16
admired	16
admit	16
advance	16
alarmed	16
arrive	16
aspect	16
assistant	16
associated	16
attending	16
attracted	16
bearing	16
begged	16
benevolent	16
born	16
boscombe	16
built	16
candle	16
cigar	16
clay	16
clergyman	16
clerk	16
collected	16
conceive	16
confined	16
conjecture	16
console	16
contained	16
cook	16
crowded	16
danced	16
degrees	16
deprived	16
dimensions	16
distinguished	16
disturbed	16
dreams	16
effects	16
enjoyed	16
execution	16
expense	16
experienced	16
extent	16
fairly	16
fitted	16
footman	16
gate	16
gloomy	16
gratified	16
grounds	16
guard	16
hatred	16
hideous	16
impatient	16
incident	16
ingolstadt	16
jacob	16
jones	16
keen	16
lighted	16
list	16
loudly	16
magistrate	16
meat	16
method	16
mighty	16
motionless	16
motives	16
natured	16
notion	16
objections	16
openshaw	16
owe	16
parties	16
plans	16
precisely	16
preserve	16
probability	16
recollected	16
results	16
rude	16
rule	16
series	16
shake	16
shock	16
sleeping	16
source	16
staying	16
storm	16
studies	16
sufferings	16
thou	16
tongue	16
uncomfortable	16
using	16
utterly	16
views	16
working	16
actions	15
agitated	15
alteration	15
animals	15
apology	15
arise	15
armchair	15
arose	15
attend	15
authority	15
behold	15
believing	15
bitterly	15
bitterness	15
boast	15
breaking	15
careful	15
ceiling	15
charm	15
chimney	15
coach	15
commission	15
comparison	15
condemned	15
contrast	15
convey	15
copper	15
copy	15
corridor	15
curtains	15
debts	15
deeper	15
demand	15
den	15
deny	15
descended	15
detail	15
directions	15
disgrace	15
disgust	15
distinguish	15
distressed	15
donations	15
elder	15
elegant	15
esteem	15
etc	15
examine	15
exercise	15
expressions	15
fearful	15
female	15
fifteen	15
follows	15
forms	15
friendly	15
gentleness	15
georgiana	15
glimpse	15
gloves	15
harm	15
heat	15
higher	15
hopeless	15
hotel	15
hurt	15
imagined	15
impatience	15
impatiently	15
improvement	15
increase	15
introduced	15
invited	15
kissed	15
lucases	15
managed	15
market	15
nieces	15
nights	15
notes	15
obtain	15
ocean	15
official	15
partiality	15
parting	15
passions	15
personal	15
picked	15
played	15
portion	15
possess	15
prejudice	15
prepare	15
prisoner	15
professional	15
protested	15
provide	15
punishment	15
quarters	15
reasons	15
recover	15
refuge	15
rejoiced	15
render	15
renewed	15
repeat	15
sacrifice	15
savage	15
sentiments	15
settle	15
shop	15
showing	15
shutters	15
silver	15
smallest	15
statement	15
style	15
sunday	15
supply	15
thirst	15
thoroughly	15
thousands	15
throat	15
thrust	15
toller	15
undertaking	15
waistcoat	15
wandering	15
waste	15
worst	15
actual	14
addition	14
advantages	14
america	14
amidst	14
amongst	14
arabian	14
argument	14
arguments	14
awake	14
awkward	14
banks	14
bars	14
becomes	14
birth	14
bottle	14
bought	14
breast	14
breathing	14
breeze	14
ceremony	14
clad	14
confessed	14
consciousness	14
consequently	14
correct	14
cousins	14
cup	14
dashed	14
declare	14
deduce	14
depart	14
destiny	14
dinah	14
displayed	14
distinctly	14
doubted	14
dreadfully	14
em	14
endeavours	14
enthusiasm	14
everyone	14
excessively	14
families	14
farewell	14
fee	14
fool	14
fourth	14
freedom	14
gravely	14
haste	14
hovel	14
idle	14
impulse	14
including	14
inform	14
inhabitants	14
inquire	14
intercourse	14
interference	14
knee	14
lad	14
laying	14
lonely	14
lot	14
marks	14
meantime	14
missing	14
mortal	14
nerves	14
occupations	14
orange	14
paragraph	14
pavement	14
perform	14
phantom	14
pig	14
plenty	14
pockets	14
poverty	14
powerful	14
pressing	14
presume	14
produce	14
qualities	14
quality	14
quarrel	14
quest	14
rang	14
reality	14
recent	14
recognised	14
recollect	14
recommend	14
reference	14
remembrance	14
reminded	14
reproach	14
restless	14
reward	14
rock	14
sentiment	14
shed	14
shire	14
sick	14
silly	14
similar	14
smell	14
social	14
somehow	14
splendid	14
staggered	14
staring	14
succeed	14
swear	14
swept	14
thanked	14
tide	14
torture	14
trademark	14
uneasy	14
unexpected	14
unwilling	14
variety	14
ventilator	14
wasn	14
waters	14
wherever	14
wine	14
wit	14
yards	14
according	13
accused	13
active	13
affections	13
afforded	13
amazement	13
archive	13
ardour	13
assembled	13
awful	13
banker	13
barred	13
benefit	13
benevolence	13
board	13
branch	13
bride	13
bridge	13
brothers	13
cards	13
cats	13
causes	13
chaise	13
checked	13
cheerfulness	13
closely	13
compliments	13
composed	13
conceived	13
confirmed	13
conscience	13
conscious	13
considerably	13
content	13
convenient	13
cost	13
crept	13
custom	13
dances	13
deserve	13
destined	13
determination	13
dignity	13
dirty	13
disturb	13
dodo	13
dogs	13
domestic	13
driving	13
east	13
ebook	13
efforts	13
emerged	13
employment	13
ended	13
ernest	13
eternal	13
exhausted	13
expecting	13
fainted	13
fan	13
farm	13
fastened	13
faster	13
fetch	13
forest	13
foul	13
france	13
gates	13
gathered	13
gems	13
genius	13
guessed	13
guest	13
harsh	13
hated	13
helpless	13
hid	13
hole	13
horner	13
hunger	13
imprudence	13
incredible	13
injured	13
insufficient	13
intellectual	13
interval	13
isn	13
jumped	13
keenly	13
kirwin	13
lip	13
lodgings	13
manage	13
milk	13
minds	13
mist	13
moran	13
neglect	13
nurse	13
obtained	13
occupation	13
orders	13
original	13
owner	13
pains	13
paris	13
paying	13
permitted	13
persuasion	13
physical	13
pistol	13
prefer	13
proposal	13
protectors	13
rapid	13
rational	13
reception	13
record	13
regarded	13
relieve	13
relieved	13
remove	13
resemblance	13
reserve	13
reserved	13
ross	13
ruins	13
rush	13
scandal	13
seeking	13
shame	13
sincere	13
sink	13
sledge	13
smoking	13
solution	13
spectre	13
speed	13
starting	13
stayed	13
stepped	13
stones	13
struggled	13
surface	13
treated	13
tuesday	13
uncommon	13
unusual	13
veil	13
vice	13
visits	13
warmly	13
wednesday	13
welcomed	13
whilst	13
worthy	13
abhorred	12
abhorrence	12
absent	12
absurd	12
access	12
admitted	12
ambition	12
american	12
ardently	12
arranged	12
arrested	12
attentive	12
author	12
awakened	12
ay	12
backward	12
bag	12
beach	12
becoming	12
beeches	12
blackness	12
blessed	12
bohemia	12
bosom	12
boys	12
bradstreet	12
brave	12
bread	12
brow	12
cap	12
cared	12
cares	12
cease	12
charles	12
check	12
cheek	12
choked	12
clean	12
communicated	12
conclusions	12
congratulations	12
conjectured	12
contented	12
county	12
cursed	12
dangerous	12
daylight	12
decay	12
declined	12
delayed	12
denny	12
descent	12
desert	12
deserved	12
desirable	12
distinction	12
divine	12
doran	12
dried	12
elapsed	12
emotions	12
encouraged	12
engagements	12
entreat	12
entreaties	12
evils	12
exact	12
exhibited	12
faded	12
fat	12
fatal	12
fault	12
feature	12
fight	12
fill	12
flatter	12
forehead	12
forgot	12
formidable	12
forty	12
founded	12
fully	12
gay	12
gigantic	12
glorious	12
grasped	12
group	12
guide	12
hadn	12
happens	12
household	12
humble	12
illness	12
indebted	12
ink	12
interruption	12
intimacy	12
investigation	12
kitchen	12
lascar	12
leading	12
lens	12
lifeless	12
madness	12
magnificent	12
merryweather	12
mild	12
mixture	12
mont	12
moreover	12
mutual	12
needs	12
neglected	12
neighbouring	12
occasional	12
opium	12
ordinary	12
parish	12
partly	12
pieces	12
pigeon	12
pile	12
pips	12
poison	12
porcelain	12
poured	12
preceding	12
preference	12
preserved	12
process	12
procure	12
procured	12
questioning	12
rare	12
recommended	12
relationship	12
repose	12
rested	12
retreat	12
risk	12
ryder	12
scream	12
screamed	12
secured	12
selfish	12
separate	12
shan	12
shared	12
shattered	12
signal	12
sing	12
sinister	12
situated	12
skill	12
slower	12
soldiers	12
stick	12
stoke	12
stupid	12
sunset	12
tear	12
temptation	12
tempted	12
thats	12
threatened	12
thunder	12
thursday	12
torn	12
track	12
trade	12
troubled	12
turns	12
twisted	12
unnatural	12
vanish	12
walks	12
wander	12
weakness	12
weep	12
whistle	12
willing	12
wondered	12
abroad	11
accompany	11
allusion	11
amount	11
angrily	11
animation	11
appearing	11
appetite	11
appointment	11
ardent	11
ate	11
begins	11
belonged	11
bones	11
bred	11
briony	11
buildings	11
burnt	11
camphor	11
captain	11
chemical	11
chill	11
cloak	11
communicate	11
complexion	11
conducted	11
congratulate	11
consult	11
contain	11
corpse	11
couldn	11
cracked	11
creeping	11
data	11
decide	11
decidedly	11
desirous	11
desolate	11
differently	11
disguise	11
doubts	11
eleven	11
elopement	11
enemies	11
enterprise	11
established	11
excess	11
excitement	11
executed	11
exposed	11
expressive	11
exquisite	11
extinguished	11
fever	11
fireplace	11
flew	11
flung	11
fun	11
funny	11
furnished	11
gazing	11
gesture	11
glare	11
governess	11
grand	11
grin	11
guarded	11
guinea	11
handkerchief	11
happiest	11
hell	11
hiding	11
honoured	11
horizon	11
horrid	11
hum	11
hunting	11
imprudent	11
incidents	11
inconvenience	11
inhabited	11
injustice	11
intentions	11
interview	11
iv	11
jewel	11
keeper	11
lakes	11
lantern	11
lesson	11
likes	11
ma	11
main	11
mamma	11
meanwhile	11
methods	11
midnight	11
model	11
mouths	11
muttered	11
mysterious	11
nicely	11
obscure	11
occasions	11
openly	11
oppressed	11
overcame	11
pack	11
pedestal	11
peterson	11
practical	11
preparing	11
presents	11
pretend	11
price	11
problems	11
profound	11
propriety	11
purposes	11
quantity	11
quitting	11
raising	11
refund	11
refusal	11
remote	11
represented	11
resolving	11
respects	11
restore	11
sees	11
serpent	11
shocked	11
sofa	11
softened	11
solemnly	11
solid	11
solved	11
sorrowful	11
sport	11
stair	11
stirring	11
stopping	11
strangers	11
stronger	11
suffering	11
summit	11
sutherland	11
tables	11
tenderness	11
thankful	11
theories	11
theres	11
toil	11
tore	11
totally	11
tour	11
traced	11
treasure	11
treat	11
treatment	11
trick	11
trifling	11
trivial	11
tut	11
ugly	11
uncertain	11
uncommonly	11
uneasiness	11
venture	11
volume	11
warning	11
weapon	11
winding	11
witnesses	11
wouldnt	11
yield	11
accent	10
accounts	10
admirable	10
aged	10
ages	10
allowing	10
amused	10
announced	10
ascended	10
assurances	10
attempts	10
attitude	10
balls	10
beaten	10
beauties	10
belonging	10
bennets	10
blasted	10
blaze	10
blessing	10
blushed	10
brain	10
brandy	10
brass	10
brightly	10
brilliant	10
bundle	10
buried	10
butter	10
changing	10
characters	10
cheerfully	10
childish	10
chuckled	10
clearing	10
closing	10
cloth	10
consented	10
crop	10
croquet	10
cruel	10
cruelty	10
cunning	10
curse	10
dangers	10
dated	10
deed	10
deepest	10
deference	10
desperate	10
didnt	10
dimly	10
disappearance	10
discourse	10
disdain	10
dish	10
downstairs	10
earliest	10
ecstasy	10
embarrassment	10
encounter	10
encourage	10
encouragement	10
engaging	10
entail	10
entertained	10
error	10
extended	10
falsehood	10
fantastic	10
fatigued	10
fierce	10
fishing	10
fix	10
flame	10
flashed	10
flattered	10
flesh	10
flushed	10
folded	10
friday	10
fruits	10
fury	10
gas	10
gather	10
ghosts	10
glow	10
gracious	10
hallo	10
happily	10
hasty	10
hearty	10
honourable	10
hoping	10
horsham	10
humbug	10
hungry	10
hydraulic	10
ii	10
iii	10
impertinent	10
improbable	10
inches	10
indicated	10
induce	10
infinitely	10
innumerable	10
insist	10
intend	10
interfere	10
invisible	10
jacket	10
justified	10
knife	10
lambton	10
levers	10
lobster	10
lucky	10
lunch	10
mans	10
margaret	10
martha	10
measure	10
mechanism	10
merit	10
metallic	10
minded	10
mischief	10
miseries	10
mode	10
momentary	10
monstrous	10
needed	10
neighbour	10
occurrences	10
officer	10
offices	10
opinions	10
owed	10
partial	10
perceiving	10
pink	10
pleasures	10
positive	10
prey	10
principle	10
proceeding	10
professor	10
proposals	10
protection	10
reaching	10
recall	10
recollections	10
regular	10
rely	10
repeatedly	10
repeating	10
resumed	10
retained	10
returns	10
reynolds	10
rid	10
robe	10
robert	10
rolled	10
roots	10
rope	10
rough	10
rubbing	10
ruined	10
sailors	10
satisfactory	10
separation	10
sex	10
shaken	10
sheets	10
shriek	10
shrieked	10
sigh	10
slightest	10
sounded	10
sparkled	10
special	10
stands	10
stave	10
steadily	10
stole	10
straw	10
striking	10
substance	10
subtle	10
successful	10
suggest	10
suggestive	10
supported	10
supposition	10
survive	10
suspect	10
suspense	10
switzerland	10
tax	10
tendency	10
terribly	10
thee	10
thinks	10
thoughtfully	10
timidly	10
tobacco	10
tranquil	10
trifle	10
tumult	10
turk	10
turkey	10
twinkle	10
twinkling	10
underworld	10
unlucky	10
vacancy	10
varied	10
vexation	10
wanting	10
weighed	10
whiskers	10
whither	10
wickedness	10
willingly	10
winchester	10
winds	10
wise	10
wrist	10
abominable	9
abundant	9
acknowledge	9
acting	9
activity	9
additional	9
agent	9
alarming	9
alluded	9
amuse	9
apparent	9
apparition	9
approbation	9
assembly	9
assisted	9
assume	9
astonishing	9
attributed	9
bachelor	9
bade	9
base	9
beating	9
behaved	9
belongs	9
berries	9
block	9
blows	9
bold	9
bonnet	9
bounds	9
breeding	9
briefly	9
bureau	9
burned	9
cabin	9
century	9
chairs	9
charged	9
china	9
clung	9
coarse	9
coburg	9
collar	9
collecting	9
collection	9
column	9
commencement	9
conception	9
condescension	9
contemplated	9
converse	9
cool	9
copies	9
correspondence	9
couldnt	9
countenances	9
countess	9
create	9
cries	9
crying	9
damp	9
dawn	9
decline	9
definite	9
denial	9
denied	9
depended	9
descend	9
descending	9
deserts	9
dined	9
discoveries	9
disease	9
display	9
distributing	9
doorway	9
drunk	9
dwell	9
earlier	9
easier	9
eastern	9
elbow	9
elegance	9
eligible	9
embarrassed	9
embraced	9
engage	9
engineer	9
entreated	9
entreaty	9
essential	9
esteemed	9
everywhere	9
excessive	9
exclamation	9
exist	9
expedition	9
expressing	9
eyford	9
feeble	9
fellows	9
flat	9
flow	9
flying	9
fog	9
folk	9
formal	9
forming	9
fred	9
frenzy	9
fro	9
fruit	9
fulfil	9
gallantry	9
gardiners	9
garments	9
generations	9
glasses	9
glory	9
glowing	9
gracechurch	9
graceful	9
guests	9
happier	9
hasten	9
haunted	9
heels	9
heightened	9
hellish	9
helped	9
hence	9
hired	9
hither	9
hollow	9
humoured	9
hurrying	9
im	9
incredulous	9
individual	9
induced	9
indulge	9
indulgence	9
injury	9
intelligent	9
interrupt	9
intervals	9
island	9
jabez	9
jenkinson	9
joke	9
journalist	9
killed	9
knave	9
knelt	9
krempe	9
lacey	9
lasted	9
malice	9
manager	9
masses	9
mentioning	9
merchant	9
mixed	9
mournful	9
multitude	9
nearest	9
neat	9
northern	9
notwithstanding	9
odious	9
org	9
oxford	9
pa	9
pace	9
papa	9
passionate	9
peculiarly	9
peeped	9
peering	9
pepper	9
perpetual	9
pictures	9
pigs	9
plate	9
politely	9
presumption	9
principally	9
promises	9
properly	9
proportion	9
pudding	9
pull	9
quadrille	9
rat	9
reduced	9
referred	9
refrain	9
removal	9
resource	9
retire	9
roared	9
rocks	9
salesman	9
schemes	9
secrets	9
section	9
selfishness	9
sell	9
services	9
shows	9
singing	9
sixteen	9
slave	9
sleepy	9
solemnity	9
solicitude	9
solve	9
soothing	9
stable	9
stark	9
stately	9
sticks	9
stir	9
stirred	9
stout	9
studied	9
suspicious	9
swallowed	9
sweetness	9
swinging	9
teach	9
tempered	9
tender	9
tenderly	9
theirs	9
tight	9
tinted	9
tones	9
trusted	9
underground	9
unfolded	9
unfortunately	9
unnecessary	9
unreasonable	9
vacant	9
viewed	9
villain	9
virtues	9
waldman	9
war	9
warn	9
wasted	9
welfare	9
wells	9
wheels	9
wing	9
withdrew	9
woe	9
wonderfully	9
wrapped	9
www	9
ye	9
abruptly	8
accents	8
accomplishments	8
adapted	8
adversary	8
advisable	8
agrippa	8
alike	8
altar	8
amazed	8
angle	8
announce	8
answering	8
anywhere	8
apart	8
arising	8
arrangement	8
arranging	8
article	8
ashes	8
assizes	8
assumed	8
atmosphere	8
attacked	8
attentively	8
august	8
avenue	8
avoided	8
bakers	8
balanced	8
banished	8
bears	8
beds	8
beggar	8
belt	8
blanc	8
bleak	8
bodies	8
boone	8
boundary	8
breathe	8
breathed	8
bridegroom	8
busily	8
cake	8
calmly	8
camp	8
capacity	8
carriages	8
cart	8
catching	8
central	8
chains	8
changes	8
characteristic	8
chooses	8
christian	8
clapped	8
clasped	8
club	8
co	8
commonplace	8
compared	8
completed	8
concerns	8
conclude	8
confession	8
consequences	8
consisted	8
contact	8
contemplation	8
continual	8
control	8
convenience	8
copying	8
count	8
counting	8
cover	8
curled	8
current	8
daring	8
dearly	8
debt	8
deck	8
defect	8
defects	8
deformity	8
delirium	8
delivered	8
dense	8
depressed	8
designed	8
desires	8
desk	8
desolation	8
devote	8
difficulties	8
discretion	8
discuss	8
dismay	8
dismissed	8
displaying	8
dispositions	8
distressing	8
downward	8
dragged	8
drops	8
drunken	8
earn	8
earnestness	8
elevated	8
eloi	8
eloquence	8
employ	8
enable	8
enabled	8
encouraging	8
europe	8
expectations	8
expenses	8
extensive	8
failing	8
fare	8
feels	8
feverish	8
finds	8
finer	8
flames	8
flickering	8
flora	8
forbid	8
foreign	8
forgetting	8
fortunately	8
frock	8
fulfilled	8
gardeners	8
generation	8
gentlemanlike	8
ghostly	8
glared	8
grace	8
grimesby	8
gun	8
hail	8
haven	8
hidden	8
horrors	8
hundreds	8
hurriedly	8
impertinence	8
included	8
inevitable	8
inhabit	8
injuries	8
inner	8
insensible	8
instructions	8
instruments	8
intrusion	8
irksome	8
irresistible	8
ix	8
jealousy	8
jump	8
jumping	8
keys	8
knock	8
lap	8
leg	8
limited	8
link	8
louder	8
lovers	8
loving	8
machinery	8
mass	8
materials	8
meal	8
midst	8
mingled	8
minutely	8
moderate	8
modesty	8
mud	8
murmur	8
murmured	8
museum	8
mushroom	8
named	8
necessarily	8
nevertheless	8
noon	8
numerous	8
offers	8
overlook	8
peaceful	8
performance	8
permit	8
pitiable	8
plants	8
plates	8
plunged	8
precaution	8
preparations	8
printed	8
prompt	8
proposed	8
purchase	8
purple	8
pursuing	8
push	8
range	8
rapidity	8
recalled	8
recognise	8
records	8
recovering	8
refusing	8
rejoice	8
remainder	8
remind	8
renewal	8
rent	8
resigned	8
restrained	8
restraint	8
risen	8
roads	8
robbery	8
romantic	8
row	8
ruddy	8
sadly	8
salary	8
salt	8
scent	8
seize	8
sending	8
separated	8
september	8
serpentine	8
served	8
shaft	8
shaped	8
sharply	8
shivered	8
shops	8
shrugged	8
sickness	8
signed	8
silently	8
singularly	8
sinking	8
slates	8
slip	8
slope	8
smaller	8
smoked	8
softly	8
sold	8
sombre	8
sorrows	8
spark	8
spaulding	8
stage	8
stated	8
stature	8
steel	8
stock	8
stolen	8
stool	8
stretching	8
stroke	8
stuff	8
sufficiently	8
suggestion	8
suicide	8
suited	8
summoned	8
suspicions	8
swandam	8
swift	8
swim	8
syllable	8
system	8
talent	8
tarts	8
te	8
tearing	8
terrific	8
threat	8
threshold	8
tied	8
tis	8
toils	8
torch	8
transparent	8
travellers	8
traversed	8
tremble	8
tremendous	8
trousers	8
type	8
uniform	8
universal	8
unjust	8
unlikely	8
valued	8
veins	8
verdict	8
vexed	8
vi	8
vii	8
visions	8
vulgar	8
walton	8
wasting	8
waterloo	8
waved	8
waving	8
whiting	8
whitney	8
wisest	8
wonders	8
xii	8
yourselves	8
abandoned	7
acceptance	7
accidentally	7
adding	7
addresses	7
addressing	7
adieu	7
allowance	7
alpha	7
alter	7
amends	7
ample	7
amusing	7
anticipated	7
appalling	7
appearances	7
approve	7
articles	7
ascend	7
assertion	7
associate	7
attained	7
attendant	7
attractions	7
averse	7
beaufort	7
beautifully	7
begone	7
betrayed	7
blew	7
blown	7
blunt	7
bone	7
boxes	7
breach	7
breathless	7
breckinridge	7
brighter	7
burnwell	7
carbuncle	7
caves	7
celebrated	7
chanced	7
chase	7
cheap	7
chemistry	7
cherished	7
cheshire	7
childhood	7
chorus	7
civilities	7
claims	7
clang	7
class	7
comforter	7
commenced	7
commendation	7
complacency	7
complain	7
compliance	7
compose	7
conceited	7
condemn	7
confide	7
contrived	7
conversations	7
cooee	7
courses	7
courtesy	7
covering	7
crab	7
critical	7
cruelly	7
curtain	7
darted	7
dashing	7
declaration	7
deduced	7
defence	7
defend	7
degradation	7
demanded	7
dependence	7
detective	7
detested	7
dick	7
dimension	7
disapprobation	7
discovering	7
disgraceful	7
dismal	7
dissatisfied	7
distribute	7
diverted	7
doomed	7
draught	7
drawer	7
duke	7
duncan	7
dwelt	7
eaten	7
ebenezer	7
ebooks	7
editions	7
educated	7
element	7
elsewhere	7
energetic	7
enormous	7
entailed	7
establishment	7
evenings	7
exchanged	7
existing	7
expose	7
extinction	7
extinguish	7
failure	7
faintly	7
fancies	7
fancying	7
faults	7
fearing	7
feather	7
fills	7
final	7
firmly	7
flash	7
footsteps	7
forbearance	7
forcibly	7
forever	7
frowning	7
fuller	7
funeral	7
fur	7
furnish	7
gang	7
gasped	7
gaze	7
gets	7
ghastly	7
gift	7
gipsies	7
glaring	7
gratifying	7
gravel	7
gravity	7
grip	7
guided	7
harmless	7
harmony	7
heap	7
heaps	7
hedgehog	7
hesitation	7
holly	7
humility	7
imaginary	7
impropriety	7
improve	7
inaccessible	7
independence	7
indian	7
infancy	7
infant	7
inflicted	7
inhuman	7
initials	7
inquiring	7
insisted	7
instances	7
intellect	7
intending	7
intently	7
intolerable	7
introducing	7
invent	7
isnt	7
italy	7
ivory	7
joys	7
judges	7
june	7
justify	7
keenest	7
kid	7
killing	7
knocked	7
knocker	7
knocking	7
lament	7
landed	7
landlord	7
landscape	7
languages	7
languor	7
largest	7
lawyer	7
lean	7
learning	7
leather	7
lee	7
legal	7
letting	7
liberal	7
lifted	7
limits	7
livid	7
lobsters	7
located	7
lofty	7
lory	7
losing	7
louisa	7
loves	7
lysander	7
malignity	7
mantel	7
massive	7
masters	7
measures	7
medium	7
message	7
miniature	7
mission	7
mockery	7
modest	7
moonlight	7
moritz	7
mortification	7
movement	7
mysteries	7
nail	7
nodded	7
norton	7
novelty	7
november	7
numbers	7
oakshott	7
oblige	7
observer	7
obstinate	7
oop	7
operation	7
operations	7
opposed	7
paced	7
paddington	7
painted	7
panels	7
paradise	7
patroness	7
pattering	7
perish	7
perplexity	7
personally	7
pew	7
phrase	7
pit	7
pitch	7
plentiful	7
plump	7
population	7
posted	7
pouring	7
precipices	7
premises	7
presentation	7
prize	7
prizes	7
professions	7
promising	7
propose	7
protect	7
protected	7
pulling	7
puppy	7
pure	7
quarrelling	7
ragged	7
railway	7
rapture	7
raptures	7
rattle	7
realise	7
realised	7
recovery	7
refined	7
regions	7
rejected	7
relative	7
release	7
represent	7
reputation	7
require	7
resist	7
respected	7
resting	7
revealed	7
revive	7
revived	7
revolver	7
rhine	7
richer	7
ridicule	7
ridiculous	7
rocket	7
rubbed	7
runs	7
rushing	7
saddle	7
safely	7
sang	7
saxe	7
scale	7
scarlet	7
score	7
seas	7
selected	7
senseless	7
sensibility	7
serene	7
serve	7
shelter	7
shelves	7
shillings	7
shirt	7
shocking	7
shouting	7
shrill	7
shudder	7
shuddered	7
shutting	7
sideboard	7
sighed	7
skin	7
sleeve	7
sleeves	7
slippers	7
sloping	7
sly	7
snatched	7
snowy	7
solely	7
soo	7
soothed	7
southern	7
speaker	7
speaks	7
spots	7
springing	7
stillness	7
strangest	7
streamed	7
structure	7
studying	7
sublime	7
submit	7
submitted	7
succession	7
sunlight	7
sunshine	7
supernatural	7
suppressed	7
sustained	7
swam	7
swung	7
symptoms	7
tasted	7
teasing	7
test	7
thoughtful	7
thud	7
tie	7
today	7
tomorrow	7
total	7
tragedy	7
treacle	7
tread	7
turf	7
twilight	7
uncivil	7
unconscious	7
unfeeling	7
university	7
vigour	7
viii	7
voluntarily	7
wash	7
wasnt	7
wicked	7
wings	7
wink	7
wisely	7
wiser	7
wondrous	7
wont	7
wreck	7
wrinkled	7
writer	7
xi	7
youre	7
abilities	6
acceptable	6
accidents	6
accuse	6
acquired	6
acutely	6
affability	6
affect	6
affectionately	6
agonies	6
amazing	6
ant	6
anyhow	6
apparatus	6
arch	6
arisen	6
army	6
arrangements	6
array	6
arrest	6
arts	6
assert	6
attack	6
authors	6
autumn	6
avail	6
awe	6
badly	6
ballarat	6
banish	6
basket	6
bathing	6
beast	6
beasts	6
begging	6
beholding	6
bend	6
benefactor	6
betray	6
bingleys	6
blast	6
blinds	6
blush	6
boldly	6
boot	6
breadth	6
bricks	6
brief	6
brightest	6
brightness	6
brings	6
brisk	6
bristol	6
british	6
brixton	6
buttons	6
calculated	6
calmness	6
carelessly	6
catastrophe	6
cattle	6
celestial	6
charms	6
cheetah	6
chest	6
chestnuts	6
chuckle	6
civilisation	6
clapping	6
claws	6
clearer	6
clerks	6
closer	6
clouded	6
cloudless	6
clutched	6
coffin	6
collect	6
collinses	6
combined	6
compelled	6
complaints	6
completion	6
complying	6
conceit	6
confident	6
confirm	6
confirmation	6
conquest	6
constantly	6
consulted	6
contributed	6
contrivance	6
convince	6
cord	6
cornelius	6
corps	6
couch	6
crash	6
crawling	6
creating	6
crest	6
cripple	6
curiously	6
custody	6
dad	6
darling	6
dash	6
dates	6
deduction	6
deeds	6
delights	6
demeanour	6
dependent	6
destroyer	6
detained	6
developed	6
dialogue	6
diffidence	6
ding	6
dirt	6
disadvantage	6
disliked	6
displeasure	6
dissipate	6
distribution	6
dong	6
dragging	6
dreary	6
drifting	6
driver	6
drug	6
dusty	6
eastward	6
eating	6
eggs	6
eluded	6
encyclop	6
endless	6
ends	6
engrossed	6
enjoying	6
ensued	6
entertain	6
entertainment	6
enthusiastic	6
environs	6
envy	6
errors	6
eventually	6
exceeded	6
excite	6
executioner	6
exert	6
experiment	6
explaining	6
explanations	6
explore	6
exposing	6
extravagant	6
fainter	6
fainting	6
faith	6
fiendish	6
filthy	6
firmness	6
fits	6
flaring	6
flinging	6
flowed	6
fluttered	6
footing	6
forbidden	6
forefinger	6
foresight	6
fortitude	6
fortunes	6
fourteen	6
frail	6
frankly	6
frankness	6
frozen	6
furiously	6
gale	6
garment	6
gathering	6
genial	6
gestures	6
globe	6
government	6
grandeur	6
grant	6
grizzled	6
groom	6
groping	6
haggard	6
handle	6
hansom	6
happening	6
hardened	6
hardships	6
hateful	6
hearth	6
heavier	6
heel	6
hillside	6
hoarse	6
holiday	6
honest	6
hospitality	6
hugh	6
hush	6
hut	6
hypothesis	6
illuminated	6
image	6
imminent	6
import	6
imposed	6
impressions	6
incredulity	6
india	6
indignantly	6
indulged	6
inexorable	6
inferior	6
infinite	6
ingenious	6
insensibility	6
insolent	6
inspection	6
inspired	6
instinct	6
instruction	6
insupportable	6
integrity	6
interests	6
interpretation	6
invaluable	6
invariably	6
invite	6
involved	6
jack	6
january	6
jewels	6
joining	6
jug	6
keeps	6
kill	6
kingdom	6
knot	6
lamps	6
landing	6
lecture	6
legged	6
leghorn	6
level	6
lightning	6
lights	6
likeness	6
limb	6
lined	6
linen	6
livery	6
lizard	6
loathing	6
loathsome	6
local	6
lone	6
loveliness	6
luck	6
luckily	6
machines	6
majestic	6
major	6
management	6
mantelpiece	6
materially	6
matrimony	6
member	6
mental	6
mercenary	6
mercy	6
mice	6
mildness	6
militia	6
monotonous	6
mood	6
morcar	6
mortifying	6
moss	6
mostly	6
newly	6
newspaper	6
newspapers	6
noted	6
novel	6
obeyed	6
obligation	6
obliging	6
obtaining	6
occasioned	6
occupy	6
offence	6
offering	6
onto	6
opposition	6
origin	6
ours	6
overlooked	6
overwhelmed	6
packed	6
painfully	6
paint	6
palaces	6
palm	6
partners	6
pawnbroker	6
peasant	6
peasants	6
pencil	6
penetrate	6
perpetually	6
persisted	6
perverseness	6
philosophers	6
pick	6
picking	6
piling	6
pitied	6
placid	6
placing	6
planet	6
players	6
pleaded	6
pleasanter	6
pleasantly	6
plot	6
popular	6
portrait	6
poultry	6
pretence	6
pretending	6
previously	6
principles	6
print	6
proceedings	6
procession	6
prolonged	6
pronounce	6
proprietor	6
prospects	6
prosperity	6
protruding	6
providing	6
provision	6
provoke	6
publicly	6
pulse	6
punish	6
purport	6
purposely	6
puzzle	6
puzzling	6
questioned	6
rail	6
rattled	6
reaction	6
reasonably	6
reasoner	6
receipt	6
recorded	6
refreshed	6
regarding	6
regretted	6
relates	6
relating	6
renew	6
repaired	6
replace	6
reported	6
repulsive	6
requires	6
research	6
resided	6
resolute	6
rests	6
revolved	6
rings	6
rivers	6
roses	6
royal	6
sailing	6
saucepan	6
scarce	6
scenery	6
schoolmaster	6
scientific	6
scorn	6
scotch	6
screen	6
sealed	6
searching	6
secondly	6
seeming	6
sends	6
serenity	6
settling	6
severely	6
severity	6
shapes	6
sharing	6
shouldn	6
shrinking	6
shy	6
sights	6
sill	6
slate	6
slightly	6
smart	6
smooth	6
snake	6
sneer	6
sneezing	6
snuff	6
sobbed	6
sobbing	6
soothe	6
sorts	6
speckled	6
spending	6
spreading	6
stained	6
staircase	6
steadfastly	6
stiff	6
stoper	6
strain	6
strangely	6
stretch	6
struggling	6
subdued	6
suspended	6
sustain	6
talents	6
tales	6
taller	6
tank	6
tap	6
temporary	6
terrified	6
thames	6
thickness	6
thief	6
threats	6
timid	6
tint	6
title	6
tools	6
topper	6
torment	6
tortured	6
touching	6
transitory	6
travels	6
triumphantly	6
tunnel	6
twelvemonth	6
twinkled	6
twist	6
typewritten	6
unacquainted	6
unguarded	6
unhappiness	6
unlocked	6
unwillingly	6
unworthy	6
upward	6
vile	6
visiting	6
vivid	6
waist	6
warmed	6
washing	6
widow	6
win	6
withdrawn	6
withered	6
witnessed	6
worldly	6
worm	6
wow	6
writhing	6
yawning	6
abhor	5
accepting	5
accomplishment	5
accumulated	5
acute	5
addison	5
adjusted	5
advancing	5
affectation	5
affording	5
affront	5
airs	5
akin	5
alacrity	5
alliance	5
allude	5
aloysius	5
alps	5
analysis	5
anew	5
angelic	5
anne	5
annoyed	5
answers	5
aperture	5
apologize	5
apothecary	5
apple	5
apples	5
applying	5
apprehensions	5
archangel	5
argue	5
arrange	5
artificial	5
ascertaining	5
assisting	5
assuredly	5
assuring	5
asylum	5
attach	5
attacks	5
attempting	5
attendance	5
augmented	5
avalanche	5
avert	5
backed	5
backs	5
baffled	5
balance	5
barely	5
battle	5
beef	5
befall	5
behalf	5
believes	5
bells	5
belong	5
bending	5
bewildered	5
blank	5
blinded	5
blooming	5
blundering	5
boards	5
bodily	5
bordered	5
bowing	5
brink	5
britain	5
brows	5
burden	5
buttoned	5
cabman	5
candour	5
cant	5
caprice	5
career	5
carelessness	5
caution	5
cautiously	5
cell	5
censure	5
chambers	5
chamounix	5
characteristics	5
charity	5
cheered	5
chink	5
chronicle	5
cigarette	5
cigars	5
circumstantial	5
clambering	5
climate	5
cling	5
clothed	5
clump	5
clutching	5
coachman	5
cocked	5
coldly	5
collapsed	5
colleague	5
college	5
colossal	5
comforts	5
comparatively	5
competition	5
complained	5
complaisance	5
complex	5
complied	5
condescended	5
conducting	5
conference	5
confidential	5
conjectures	5
consistent	5
consoled	5
construction	5
consulting	5
consumed	5
containing	5
contentment	5
contrive	5
conversed	5
conversing	5
coolly	5
cordially	5
correspondent	5
costume	5
cottages	5
crackling	5
crisp	5
crossing	5
crushed	5
cultivation	5
curling	5
daresay	5
darker	5
dawned	5
dealing	5
dearer	5
dears	5
deaths	5
deceased	5
deceive	5
december	5
deemed	5
defective	5
defiance	5
deficient	5
defy	5
dejection	5
delicious	5
delightfully	5
deliverer	5
deposit	5
derive	5
derived	5
deserves	5
deserving	5
designs	5
despaired	5
despatched	5
despise	5
despised	5
despondency	5
destitute	5
devils	5
devotion	5
devouring	5
dia	5
digging	5
dilber	5
diligence	5
dinners	5
disclosed	5
discoloured	5
disconcerted	5
discussion	5
disengaged	5
disinterested	5
dispute	5
distorted	5
distributed	5
disturbance	5
divided	5
division	5
doings	5
donate	5
doth	5
doubtful	5
drank	5
dreamed	5
dreaming	5
drooping	5
dropping	5
dundee	5
dungeon	5
dusk	5
echoed	5
economy	5
effected	5
egg	5
eh	5
eighteenth	5
elbows	5
elderly	5
elements	5
employments	5
ending	5
endowed	5
endued	5
englishman	5
ensuing	5
entitled	5
enumerating	5
errand	5
esq	5
estates	5
estimation	5
everlasting	5
exalted	5
exceed	5
excellence	5
exception	5
exchange	5
exclamations	5
exertions	5
exile	5
exposure	5
extravagance	5
exultation	5
eyebrows	5
facing	5
faculties	5
faithful	5
fashioned	5
favoured	5
fifth	5
fists	5
fixing	5
flamingo	5
flirting	5
floated	5
flowing	5
fluctuating	5
foliage	5
forgetfulness	5
forgiveness	5
fowler	5
fragment	5
freed	5
fringe	5
gaiety	5
gaily	5
gaining	5
giddy	5
glacier	5
glided	5
glimmer	5
glittering	5
glove	5
godfrey	5
grasping	5
grate	5
gratefully	5
gravesend	5
greeting	5
grieve	5
grievous	5
groaned	5
groans	5
gross	5
grotesque	5
grove	5
growl	5
growth	5
grunted	5
guiltless	5
gush	5
habitation	5
hailed	5
handwriting	5
hazy	5
headstrong	5
hearted	5
heavenly	5
hedge	5
hedges	5
hereafter	5
heroes	5
hesitate	5
hesitating	5
hinges	5
hit	5
homeward	5
hookah	5
housemaid	5
howling	5
hurts	5
id	5
identity	5
idleness	5
illustrious	5
imitate	5
impenetrable	5
incessantly	5
incomplete	5
incontinently	5
independent	5
indignant	5
indistinct	5
indoors	5
inducement	5
ineffectual	5
infamous	5
infamy	5
inferences	5
inflamed	5
inflict	5
ingenuity	5
injure	5
inspire	5
instinctively	5
insurmountable	5
intricate	5
investigations	5
involuntarily	5
islands	5
issue	5
jest	5
joking	5
jovial	5
jura	5
kinder	5
kinds	5
la	5
lace	5
ladder	5
laden	5
languid	5
lash	5
leadenhall	5
leads	5
leaned	5
lessen	5
liable	5
lids	5
lighter	5
lighting	5
likelihood	5
linked	5
links	5
listener	5
loathed	5
logical	5
lounging	5
lowest	5
lumber	5
luxury	5
madame	5
maiden	5
male	5
manor	5
mansion	5
mask	5
matlock	5
maybe	5
mayor	5
meadows	5
meanly	5
mend	5
merest	5
merits	5
millar	5
millions	5
minor	5
miraculous	5
miserably	5
moist	5
monsters	5
mortified	5
mourning	5
murderous	5
mustard	5
muttering	5
narration	5
narrowly	5
neatly	5
needle	5
nocturnal	5
noises	5
noisy	5
novels	5
nowhere	5
oak	5
obey	5
obligations	5
obstacle	5
obviously	5
occurrence	5
oddly	5
offences	5
offend	5
offspring	5
oil	5
ominous	5
opportunities	5
oppressive	5
orphan	5
outward	5
overpowered	5
overpowering	5
overwhelming	5
owing	5
owl	5
paces	5
pal	5
panel	5
panting	5
paradox	5
parched	5
partially	5
passages	5
paths	5
paws	5
peeping	5
pennies	5
perseverance	5
pianoforte	5
picturesque	5
pierced	5
planning	5
plantation	5
plausible	5
plays	5
pledged	5
plumber	5
plunge	5
poetry	5
poker	5
pole	5
polished	5
polite	5
pondicherry	5
pooh	5
poorly	5
pope	5
porter	5
positively	5
practically	5
praised	5
preceded	5
preface	5
preferred	5
preposterous	5
preservation	5
pretensions	5
preyed	5
prodigiously	5
professors	5
profoundly	5
projecting	5
proportions	5
protesting	5
proves	5
provincial	5
provoked	5
provoking	5
prudence	5
prudent	5
puffing	5
pursuits	5
pushing	5
radiance	5
rambles	5
rarely	5
readers	5
recollecting	5
recompense	5
reconciled	5
reeds	5
refreshment	5
region	5
regularly	5
relatives	5
remarking	5
removing	5
repaid	5
replacement	5
repugnance	5
requested	5
requiring	5
rescue	5
resolve	5
respectability	5
restoration	5
restrain	5
retain	5
retirement	5
retorted	5
retreated	5
reverse	5
revolution	5
rewarded	5
ringing	5
rob	5
robinson	5
rolling	5
roughly	5
route	5
routine	5
rules	5
rustic	5
sail	5
sailed	5
sallow	5
savannah	5
saving	5
scope	5
scoundrel	5
screaming	5
scruples	5
searched	5
secluded	5
secretly	5
sensibly	5
sensitive	5
shades	5
shelf	5
sheltered	5
shine	5
shiny	5
shores	5
shorter	5
shower	5
shrivelled	5
shrunk	5
shutter	5
sickened	5
sickening	5
sickly	5
sideways	5
signature	5
silk	5
simpleton	5
sincerity	5
sins	5
sixpence	5
sketch	5
skull	5
skylight	5
slipping	5
slit	5
sobs	5
songs	5
sons	5
sources	5
sovereign	5
spectacles	5
spoiled	5
sprung	5
spurned	5
squat	5
stains	5
stare	5
status	5
stepping	5
steward	5
stooped	5
store	5
stories	5
stupidity	5
sufferer	5
summits	5
summons	5
sundial	5
supplied	5
suppress	5
surgeon	5
surrey	5
sweeping	5
swelled	5
sympathised	5
symptom	5
tails	5
tangled	5
tapped	5
tapping	5
tastes	5
tattered	5
tedious	5
telegram	5
tells	5
temple	5
term	5
thanking	5
threadbare	5
thunderstorm	5
tickets	5
tidings	5
ties	5
tips	5
tormented	5
tortures	5
tossed	5
tossing	5
towns	5
tracks	5
trained	5
tricks	5
trimmed	5
troubles	5
ulster	5
ultimately	5
unaffected	5
unconsciously	5
uncontrollable	5
undergone	5
undertake	5
undisturbed	5
undo	5
unequal	5
unhallowed	5
unimportant	5
unique	5
unite	5
unparalleled	5
unwelcome	5
upset	5
uses	5
vainly	5
vanishing	5
vegetables	5
velocity	5
verses	5
vessels	5
vestibule	5
vestige	5
victoria	5
villa	5
vincent	5
vision	5
vivacity	5
voluntary	5
volunteers	5
vow	5
waiter	5
wake	5
warmest	5
watchful	5
wearing	5
weed	5
weeping	5
werter	5
westward	5
whats	5
whispering	5
whist	5
whitewashed	5
widespread	5
wilfully	5
winking	5
wisdom	5
wounded	5
writhed	5
wrung	5
yawn	5
yielded	5
yielding	5
zeal	5
abominably	4
absorbed	4
abstracted	4
accidental	4
accounting	4
accuracy	4
accursed	4
accusations	4
acknowledgment	4
acquire	4
adds	4
admirably	4
admiring	4
adopted	4
adorned	4
advertised	4
advised	4
affirmative	4
agency	4
amusements	4
ancestors	4
ann	4
announcement	4
apartments	4
apiece	4
apologizing	4
apparel	4
appeal	4
appeals	4
appreciate	4
approved	4
arches	4
armed	4
aroused	4
artistic	4
ascertain	4
ass	4
atone	4
attic	4
attract	4
attribute	4
audible	4
aught	4
aversion	4
avowal	4
avowed	4
awkwardness	4
baboon	4
balancing	4
balmoral	4
barbarous	4
bark	4
barren	4
barrier	4
bat	4
bats	4
battered	4
beaming	4
beard	4
beau	4
beer	4
befallen	4
befitting	4
beggars	4
belrive	4
bench	4
benefited	4
berkshire	4
beryl	4
beryls	4
bestowing	4
beware	4
bewilderment	4
bidding	4
bills	4
bite	4
bitterest	4
bizarre	4
blazing	4
blocked	4
bloom	4
blossom	4
blot	4
blowing	4
bobs	4
bohemian	4
boiled	4
bounded	4
boundless	4
brains	4
brilliantly	4
brimmed	4
briskly	4
brougham	4
brushed	4
brute	4
buff	4
build	4
bulky	4
burn	4
cakes	4
calamity	4
calmed	4
calmer	4
candles	4
capacious	4
careless	4
caring	4
carpet	4
carter	4
carts	4
carved	4
castles	4
caucus	4
causing	4
cautious	4
chances	4
chap	4
charing	4
cheering	4
cheese	4
chimneys	4
choosing	4
circling	4
civilised	4
claimed	4
clapham	4
clasping	4
climbing	4
clinging	4
closest	4
clues	4
clumsy	4
coal	4
coil	4
colouring	4
colourless	4
columns	4
comfortably	4
comical	4
commanded	4
commerce	4
commissionaire	4
commit	4
comparative	4
compass	4
complimented	4
comprehended	4
comprehensive	4
concealment	4
concert	4
confederate	4
confine	4
conflict	4
confusing	4
congenial	4
conjecturing	4
conjure	4
consternation	4
constructed	4
consummation	4
contemplate	4
continuing	4
contracted	4
cooking	4
copse	4
cordial	4
cordiality	4
corners	4
corruption	4
countries	4
couples	4
cowardice	4
crammed	4
cravat	4
crawled	4
criminals	4
crumbs	4
crumpled	4
crush	4
cultivated	4
cupboard	4
cupola	4
damages	4
damned	4
dangling	4
darkened	4
darting	4
dazzled	4
decayed	4
deception	4
decision	4
decisive	4
decorum	4
deductions	4
defined	4
degraded	4
deliberately	4
deliberation	4
delicately	4
deliver	4
depends	4
deposition	4
desiring	4
despairing	4
desponding	4
destroying	4
detain	4
determining	4
detest	4
detestation	4
development	4
devised	4
dials	4
diffused	4
dingy	4
dinnertime	4
disappointing	4
disaster	4
disclose	4
discussed	4
disgusted	4
disgusting	4
dishes	4
disk	4
displeased	4
disposal	4
district	4
distrust	4
distrusted	4
doctors	4
doubting	4
drawers	4
drifted	4
drinking	4
drowned	4
duck	4
duration	4
eccentric	4
eddying	4
edged	4
edges	4
edinburgh	4
eighteen	4
ejaculated	4
elaborate	4
elastic	4
electric	4
elevation	4
encompassed	4
engine	4
entangled	4
entire	4
entreating	4
equalled	4
ere	4
erect	4
establish	4
eve	4
exceptional	4
exclaiming	4
execute	4
exerted	4
exhibit	4
existed	4
expensive	4
explicit	4
extinct	4
extremity	4
eyed	4
faithfully	4
familiarly	4
fascinating	4
fashionable	4
faulty	4
favourably	4
fearless	4
february	4
fees	4
feminine	4
ferguson	4
ferocious	4
fervent	4
fervour	4
fiddler	4
fielding	4
fiercely	4
fighting	4
filial	4
finest	4
fishes	4
flakes	4
flaming	4
flattering	4
flirt	4
floating	4
flood	4
flower	4
flush	4
folds	4
follies	4
fondness	4
fools	4
forbidding	4
forces	4
foresaw	4
foresee	4
foreseen	4
fork	4
formality	4
format	4
foundations	4
founder	4
fowls	4
framed	4
freshness	4
fright	4
frighten	4
frisco	4
fuel	4
fulfilment	4
fumbled	4
fund	4
fuss	4
futurity	4
gaiters	4
gales	4
gap	4
gaunt	4
genteel	4
geometry	4
giant	4
gladly	4
gladness	4
glances	4
gleam	4
gleaming	4
governments	4
gracefully	4
gradual	4
gratification	4
greasy	4
greatness	4
greek	4
greyish	4
grinned	4
grinning	4
groan	4
grosvenor	4
growled	4
guardian	4
guardianship	4
guidance	4
guiding	4
guitar	4
hampshire	4
handsomest	4
hanged	4
hardship	4
hardy	4
hastening	4
haughty	4
haunt	4
havent	4
headlong	4
heaped	4
helen	4
hereditary	4
heres	4
hes	4
hinted	4
hints	4
histories	4
ho	4
homely	4
homes	4
honestly	4
hooks	4
horribly	4
horseback	4
host	4
hudson	4
hullo	4
humbled	4
humiliation	4
husbands	4
hushed	4
icy	4
ideal	4
ignominy	4
illustrations	4
images	4
imaginations	4
imbued	4
imitated	4
immensely	4
immortal	4
impending	4
imprisonment	4
improvements	4
impulses	4
impunity	4
imputed	4
inadequate	4
inanimate	4
inarticulate	4
incessant	4
inclinations	4
incoherent	4
inconvenient	4
incumbent	4
indirect	4
industry	4
ingratitude	4
inquest	4
insight	4
insult	4
intelligible	4
intent	4
intermission	4
interrupting	4
introspective	4
invention	4
ireland	4
irish	4
isa	4
italian	4
jar	4
jaw	4
jaws	4
jem	4
jet	4
joints	4
jokes	4
journal	4
journeys	4
joyful	4
joyous	4
judging	4
july	4
jurors	4
jurymen	4
justly	4
kate	4
keyhole	4
kick	4
kings	4
kissing	4
labyrinth	4
lack	4
lame	4
lamentations	4
landau	4
landlady	4
lavenza	4
lazily	4
leaf	4
leaping	4
leatherhead	4
lectures	4
lets	4
lewis	4
liberality	4
lichen	4
lid	4
lieu	4
lift	4
limp	4
lining	4
listless	4
liveliness	4
longing	4
lurking	4
lustrous	4
luxurious	4
mabel	4
mace	4
maddening	4
madman	4
magic	4
maintained	4
maker	4
map	4
marble	4
mate	4
measured	4
mechanical	4
meditate	4
meetings	4
merchants	4
mildly	4
military	4
miller	4
miniatures	4
ministers	4
mirror	4
moaning	4
moderation	4
mole	4
moonshine	4
morlock	4
mornings	4
morose	4
moulton	4
mount	4
muscles	4
naked	4
nd	4
negative	4
nephews	4
newcastle	4
noblest	4
northward	4
nursed	4
nursing	4
nuts	4
obedience	4
objectionable	4
observations	4
occupant	4
october	4
offensive	4
officious	4
oftener	4
omitted	4
online	4
ootiful	4
openness	4
organisation	4
outcast	4
outer	4
outstretched	4
overcoat	4
overflowing	4
overhead	4
overheard	4
overjoyed	4
overspread	4
pacing	4
painting	4
pang	4
paracelsus	4
paragraphs	4
parallel	4
parcels	4
parent	4
patron	4
patronage	4
patted	4
pattern	4
pausing	4
payments	4
penetrated	4
penetrating	4
per	4
perfection	4
permanent	4
perplexed	4
persuasions	4
perturbed	4
perusal	4
petticoat	4
phaeton	4
philosopher	4
pictured	4
pie	4
pierce	4
pies	4
pilgrimage	4
pillow	4
pinch	4
pinched	4
pipes	4
piteous	4
pittance	4
planned	4
platform	4
plead	4
pleases	4
pledge	4
poets	4
policeman	4
pompous	4
ponies	4
porpoise	4
port	4
portly	4
postmark	4
potatoes	4
poulterers	4
precipitate	4
precision	4
prejudices	4
pretended	4
prettier	4
prevail	4
prime	4
privately	4
procuring	4
professed	4
profit	4
profited	4
projects	4
prolong	4
promontory	4
promote	4
pronouncing	4
prosecution	4
prosperous	4
puffed	4
purely	4
qualified	4
rack	4
radiant	4
rags	4
ramble	4
rashly	4
rats	4
rattling	4
ravings	4
reader	4
readiness	4
realising	4
receded	4
recess	4
recesses	4
recital	4
recommence	4
recommendation	4
reel	4
regained	4
regards	4
regrets	4
reject	4
rejoicing	4
rejoined	4
relaxed	4
released	4
reliance	4
relied	4
reluctant	4
remembering	4
renders	4
repay	4
repent	4
repentance	4
repetition	4
repine	4
replaced	4
replete	4
reports	4
representation	4
representations	4
reproof	4
requirements	4
resent	4
residing	4
resignation	4
resistance	4
resolutions	4
resources	4
respecting	4
respite	4
reveal	4
reverence	4
reverie	4
riddles	4
rightly	4
rights	4
rigid	4
roar	4
rod	4
rode	4
roofs	4
rubber	4
rucastles	4
rugged	4
ruinous	4
rust	4
rusty	4
sacrificed	4
sadness	4
sal	4
salutation	4
saucer	4
saville	4
scar	4
scared	4
scruple	4
scuffle	4
seal	4
seasonable	4
seats	4
seconds	4
seemingly	4
select	4
sentences	4
serving	4
seventeen	4
sexes	4
shadowy	4
shag	4
sharpened	4
sheep	4
sheer	4
shepherd	4
shilling	4
shiver	4
shoot	4
shooting	4
shrink	4
shrubbery	4
shuddering	4
sighing	4
significant	4
signify	4
simpler	4
simplest	4
situations	4
sized	4
skirt	4
skirts	4
slabs	4
slavery	4
sleeper	4
sleepless	4
sliding	4
slighted	4
slopes	4
smashed	4
snail	4
snapped	4
snug	4
sorely	4
souls	4
spanish	4
specimen	4
specimens	4
spectacle	4
speculation	4
speeches	4
speedy	4
sphere	4
spinning	4
splash	4
splendour	4
splitting	4
sponge	4
spotted	4
stake	4
stamp	4
stamping	4
steam	4
sternly	4
sticking	4
sting	4
stockings	4
stony	4
strasburgh	4
streatham	4
strenuously	4
strict	4
striving	4
strolled	4
strongest	4
strove	4
struggles	4
stuck	4
stump	4
subsisted	4
substantial	4
succeeding	4
successive	4
sugar	4
suitable	4
suite	4
sullen	4
sums	4
surmise	4
surround	4
surrounding	4
survivor	4
suspecting	4
swayed	4
swaying	4
sweetest	4
swell	4
swelling	4
swiftness	4
swimming	4
swiss	4
sworn	4
sympathies	4
sympathise	4
tackle	4
tangle	4
tempest	4
tempt	4
tend	4
tension	4
termination	4
terrors	4
testified	4
texture	4
thence	4
thereby	4
therein	4
thimble	4
thine	4
thoughtless	4
throughout	4
tightly	4
tongues	4
topic	4
tottenham	4
tradesmen	4
trampled	4
transactions	4
transferred	4
transported	4
treachery	4
treasures	4
tremulous	4
trials	4
trifled	4
triumphant	4
trumpet	4
trunk	4
tucked	4
tugged	4
tumbling	4
tumultuous	4
typewriting	4
un	4
unaccountable	4
unbroken	4
unconnected	4
uncouth	4
underneath	4
unearthly	4
unfavourable	4
unfinished	4
unfit	4
unforeseen	4
ungrateful	4
uniformly	4
universally	4
unjustly	4
unpardonable	4
unprotected	4
unseen	4
unsettled	4
unwillingness	4
upperworld	4
urgent	4
usage	4
utterance	4
vapour	4
vary	4
venerable	4
vent	4
verse	4
vicious	4
victims	4
viewing	4
vigorously	4
villagers	4
vines	4
violet	4
violin	4
virtuous	4
vital	4
void	4
von	4
vows	4
voyages	4
wafted	4
wages	4
warehouse	4
wave	4
wax	4
web	4
website	4
wheel	4
wheeler	4
wherefore	4
whims	4
whip	4
whoever	4
wholesome	4
whoop	4
whos	4
widely	4
wider	4
wig	4
wildly	4
wilful	4
windings	4
wintry	4
wire	4
withheld	4
wits	4
woke	4
workshop	4
worms	4
worthless	4
wreaths	4
xiii	4
xiv	4
xv	4
xvi	4
yawned	4
yelled	4
yer	4
yonder	4
youll	4
younge	4
abandon	3
abhorrent	3
abide	3
ability	3
abject	3
abrupt	3
abundantly	3
abuse	3
abusing	3
abusive	3
accompanying	3
accomplish	3
accounted	3
accumulation	3
accurate	3
accusation	3
achieved	3
acquirement	3
acquit	3
acquitted	3
actor	3
adam	3
adequate	3
adjustment	3
admirer	3
admires	3
adopt	3
adored	3
advancement	3
advantageously	3
affecting	3
affinity	3
agonised	3
agreeably	3
agreeing	3
agriculture	3
aided	3
aisle	3
albert	3
albertus	3
alighted	3
alleging	3
allegro	3
alterations	3
alternate	3
alternately	3
alternative	3
amateur	3
amiss	3
amply	3
anecdote	3
ankle	3
annesley	3
annihilation	3
annoyance	3
anticipation	3
apace	3
appliances	3
applicable	3
apprehended	3
appropriate	3
april	3
apt	3
archbishop	3
architecture	3
argued	3
aristocracy	3
aristocratic	3
armitage	3
arriving	3
arteries	3
artful	3
artist	3
arve	3
ascent	3
asks	3
aspirations	3
asserted	3
assertions	3
assures	3
astonish	3
atlantic	3
atom	3
attain	3
attendants	3
attorney	3
attractive	3
audience	3
australia	3
australian	3
authoritative	3
authorities	3
authorized	3
avarice	3
average	3
avoidance	3
avoiding	3
await	3
backgammon	3
backwater	3
bandage	3
bang	3
banking	3
bargain	3
barmaid	3
barque	3
basin	3
basis	3
baskets	3
bath	3
becher	3
beckoned	3
bedrooms	3
beforehand	3
beginnings	3
behave	3
beheaded	3
belinda	3
beneficial	3
bet	3
bid	3
biting	3
blameless	3
blaming	3
blandly	3
blankets	3
bleached	3
bleeding	3
blessings	3
blindness	3
blinking	3
bliss	3
blooded	3
bloodless	3
bloody	3
boarding	3
boasted	3
boats	3
bonds	3
border	3
bordering	3
borrow	3
borrowed	3
bottles	3
bouquet	3
bowl	3
brazier	3
brick	3
brightened	3
brilliancy	3
broadened	3
brooded	3
brotherly	3
brush	3
brutes	3
bushy	3
busied	3
bustle	3
butcher	3
butler	3
butt	3
buttoning	3
cabs	3
california	3
calls	3
cane	3
canvas	3
canvassed	3
cardboard	3
caresses	3
carol	3
carries	3
casting	3
castle	3
cedars	3
centred	3
centuries	3
ceremonious	3
chagrin	3
chained	3
chalk	3
chamois	3
charcoal	3
charred	3
cheat	3
cheer	3
cheery	3
cherry	3
childrens	3
chilled	3
churchyard	3
circles	3
circular	3
circulation	3
civilly	3
clatter	3
cleaned	3
clenched	3
clients	3
clings	3
clustered	3
clutches	3
coaxing	3
cocaine	3
collars	3
commended	3
comment	3
companionship	3
comparing	3
compassionate	3
compensated	3
competent	3
complaint	3
composedly	3
composition	3
compressed	3
comprised	3
compunction	3
conan	3
concealing	3
conciliating	3
concisely	3
condescend	3
confided	3
congratulated	3
congratulatory	3
connect	3
conquer	3
conquered	3
consequential	3
considerations	3
consoling	3
constable	3
constables	3
constitution	3
consume	3
consummate	3
contains	3
contemptuously	3
continuance	3
contortions	3
contraction	3
contradict	3
contributes	3
controlled	3
convalescence	3
convincing	3
copied	3
corroded	3
cosmopolitan	3
cough	3
counsel	3
counter	3
countless	3
covent	3
crack	3
cramped	3
crate	3
cream	3
creases	3
creditable	3
creek	3
crimson	3
crisis	3
crowbar	3
crowder	3
crusoe	3
crutch	3
cube	3
cucumber	3
cuff	3
culprit	3
cumberland	3
cure	3
curly	3
cursory	3
curve	3
cusack	3
cushion	3
cushions	3
cutting	3
cynicism	3
damaged	3
daniel	3
dank	3
darkling	3
dawson	3
dazed	3
decaying	3
decease	3
deceit	3
decent	3
decorated	3
decorations	3
decoyed	3
dedicated	3
deer	3
defer	3
deferred	3
deficiency	3
deformed	3
deigned	3
demoniacal	3
denying	3
depending	3
deportment	3
deposed	3
deranged	3
derision	3
derivative	3
derives	3
descends	3
describes	3
desertion	3
desperation	3
despite	3
detailed	3
detected	3
detestable	3
devoid	3
dictate	3
differences	3
dig	3
dignified	3
dilatory	3
dimensional	3
diminished	3
dimness	3
dipped	3
director	3
directors	3
disadvantages	3
disappoint	3
disc	3
discernment	3
discharge	3
discharged	3
disciple	3
disclaimer	3
discomposure	3
disconsolate	3
discontented	3
discourage	3
disdained	3
dishonourable	3
dishonoured	3
disinclination	3
disorder	3
dispel	3
dispelled	3
dispersed	3
disregard	3
disreputable	3
distinguishing	3
distraction	3
diversion	3
divert	3
divide	3
dock	3
dome	3
doubled	3
doubly	3
doubtfully	3
dowry	3
doyle	3
dozing	3
drab	3
drag	3
dramatic	3
draughts	3
drawings	3
drawling	3
drenched	3
drift	3
duller	3
dummy	3
dusky	3
dutch	3
eaglet	3
earl	3
easiness	3
easter	3
echo	3
echoes	3
edition	3
edward	3
effectually	3
effusions	3
ejaculation	3
elevating	3
elias	3
eloquent	3
emaciated	3
embers	3
eminent	3
emma	3
empires	3
employer	3
employing	3
enchanting	3
enclosure	3
enjoyments	3
enjoys	3
enlightened	3
enormity	3
enraged	3
enters	3
entity	3
entry	3
enveloped	3
epistle	3
epsom	3
equals	3
equipment	3
equipped	3
erected	3
err	3
escaping	3
escorted	3
especial	3
essence	3
est	3
european	3
ex	3
exasperate	3
excepting	3
excitements	3
exciting	3
excluded	3
exclusion	3
exclusive	3
excuses	3
exempt	3
exercising	3
exhaustion	3
exhibition	3
expanse	3
exploded	3
explosion	3
expressly	3
extinguisher	3
extra	3
extracts	3
eyelashes	3
facility	3
factor	3
fade	3
faintness	3
fairer	3
falls	3
faltering	3
fame	3
familiarity	3
fangs	3
fanned	3
farthing	3
fastidious	3
fatigues	3
favourites	3
fearfully	3
feast	3
feathers	3
fed	3
feebly	3
felony	3
females	3
fertile	3
fewer	3
fiction	3
fiery	3
filed	3
files	3
fired	3
fires	3
firmest	3
fishermen	3
fist	3
flap	3
flapped	3
flattened	3
flavour	3
flickered	3
flirtation	3
flitted	3
florida	3
fluffy	3
flutter	3
foe	3
folding	3
folks	3
fonder	3
fondly	3
footfall	3
footmarks	3
footstool	3
forbear	3
forcing	3
forebodings	3
foremost	3
foretold	3
forfeits	3
forwarded	3
fought	3
fragments	3
framework	3
francis	3
frantic	3
frantically	3
fret	3
friendless	3
fringed	3
frivolous	3
frog	3
frosty	3
fugitives	3
furious	3
furrows	3
futile	3
futility	3
gallant	3
gaol	3
gaped	3
gardener	3
genuine	3
geography	3
germany	3
glaciers	3
glee	3
glimmered	3
gloomily	3
gnashed	3
godlike	3
gossip	3
governed	3
graces	3
grandfather	3
granite	3
gratify	3
grating	3
graves	3
gravy	3
greet	3
grind	3
gripped	3
grocers	3
gruel	3
gruff	3
guardsmen	3
guesses	3
guineas	3
gulf	3
hackney	3
haired	3
hairs	3
halfway	3
halted	3
handsomely	3
handsomer	3
handy	3
hang	3
hangs	3
harbour	3
hardest	3
harrow	3
harshly	3
harvest	3
hatty	3
headache	3
healed	3
healthy	3
hearers	3
hears	3
heartfelt	3
heartless	3
heated	3
heaving	3
hed	3
hedgehogs	3
heed	3
heiress	3
helplessness	3
herd	3
hero	3
heroic	3
heroines	3
hillock	3
hissing	3
hob	3
holes	3
holland	3
hopeful	3
hopping	3
horizontal	3
hotels	3
hotter	3
housekeeping	3
hover	3
huddled	3
hunt	3
hurled	3
hypocritical	3
hysterical	3
identify	3
idiot	3
idol	3
illustrate	3
imbecile	3
imitation	3
immovable	3
immutable	3
imparted	3
impartial	3
impassable	3
impelled	3
impenetrably	3
imperfect	3
impetuous	3
implied	3
implored	3
imply	3
imposing	3
impressive	3
improper	3
inadequacy	3
incisive	3
incivility	3
incline	3
include	3
incomprehensible	3
inconceivable	3
inconveniences	3
indefatigable	3
indefinite	3
indescribably	3
indicate	3
indications	3
indirectly	3
indolence	3
indolent	3
indulging	3
inequalities	3
inevitably	3
inexhaustible	3
inexplicable	3
inexpressible	3
inexpressibly	3
infer	3
inferiority	3
influenced	3
informing	3
inheritance	3
inherited	3
injunction	3
injuring	3
insanity	3
insatiable	3
inscription	3
insect	3
insignificance	3
insinuating	3
insolence	3
inspiring	3
inspirited	3
instantaneous	3
instigated	3
instincts	3
instituted	3
instructed	3
instructive	3
intensity	3
internal	3
interruptions	3
intimation	3
intrude	3
intruding	3
investments	3
invincible	3
inviting	3
involve	3
irreparable	3
irrevocably	3
irritable	3
irritation	3
isle	3
item	3
jealous	3
job	3
joint	3
jolly	3
julia	3
junior	3
kilburn	3
kiss	3
kneel	3
knots	3
knuckles	3
label	3
laborious	3
labourers	3
lameness	3
lanes	3
largely	3
lashes	3
lasting	3
lastly	3
latitude	3
laughingly	3
laurel	3
leagues	3
leak	3
leaped	3
ledger	3
lend	3
lessened	3
lessening	3
liability	3
liberally	3
licence	3
lieutenant	3
lifetime	3
liking	3
lime	3
limit	3
limitation	3
limping	3
lingering	3
literature	3
liveliest	3
load	3
loaded	3
loaf	3
loafer	3
locks	3
loitered	3
loomed	3
loop	3
loophole	3
loses	3
lottery	3
lounged	3
lucy	3
luminous	3
lurid	3
lust	3
lustre	3
luxuriant	3
machinations	3
magnifying	3
magnitude	3
magnus	3
maids	3
mail	3
maintenance	3
malicious	3
malignant	3
manifested	3
manifold	3
margin	3
mariner	3
marking	3
marvellous	3
masonry	3
mastered	3
masterly	3
maternal	3
mathematical	3
mathematics	3
mature	3
mccarthys	3
medicine	3
meditating	3
meditation	3
meets	3
members	3
menaced	3
merged	3
merriment	3
messages	3
metals	3
metropolis	3
mews	3
mien	3
million	3
mince	3
miners	3
mines	3
minuteness	3
mirth	3
mistakes	3
mistletoe	3
mists	3
misunderstand	3
misunderstood	3
moisture	3
monica	3
monograph	3
moonlit	3
morris	3
motions	3
mould	3
mounting	3
mourn	3
mourner	3
mournfully	3
movements	3
moves	3
muchness	3
mumbled	3
murdering	3
musical	3
muslin	3
nails	3
naming	3
nasty	3
national	3
navigators	3
neatness	3
needless	3
needn	3
negro	3
nerve	3
neutral	3
nibbling	3
nickel	3
nightcap	3
nightmare	3
nind	3
nineteenth	3
nobleman	3
nodding	3
noiseless	3
noiselessly	3
nominal	3
non	3
nonsensical	3
notable	3
noticing	3
notions	3
nought	3
nourishment	3
nuptials	3
nursery	3
obeisance	3
objecting	3
obliterated	3
obscene	3
obscurity	3
obsequious	3
observant	3
obstacles	3
obstinacy	3
obtruded	3
odour	3
offending	3
oily	3
olive	3
omnipotent	3
openings	3
oppose	3
opposing	3
oppression	3
oranges	3
ordering	3
originally	3
ornamented	3
ornaments	3
outcome	3
outline	3
outrages	3
outset	3
overflowed	3
overhear	3
overhung	3
overthrow	3
overthrown	3
overtook	3
overworld	3
overworlders	3
owes	3
owned	3
owns	3
packet	3
paddock	3
pail	3
pallor	3
palpitating	3
panegyric	3
panther	3
parapet	3
parliament	3
partake	3
passengers	3
passers	3
passionately	3
pat	3
patent	3
pathetic	3
patiently	3
pattered	3
paul	3
pauses	3
paw	3
pays	3
pea	3
peaked	3
peaks	3
pebbles	3
peculiarities	3
pence	3
penetration	3
peoples	3
perforce	3
performer	3
performing	3
peril	3
periods	3
perished	3
persecutor	3
persevering	3
persian	3
persuading	3
perth	3
pet	3
petersburgh	3
petty	3
petulance	3
phantoms	3
phenomenon	3
philosophical	3
photography	3
piercing	3
pigtail	3
piled	3
pillars	3
pines	3
pinkish	3
pinnacles	3
pistols	3
pitiful	3
plague	3
plainpalais	3
plains	3
plaster	3
playful	3
playfulness	3
plaything	3
pleasantest	3
pleasantness	3
pleasantry	3
plucked	3
plush	3
plutarch	3
poignant	3
policy	3
politics	3
possesses	3
possibilities	3
posterity	3
postpone	3
postponed	3
postscript	3
pot	3
pour	3
praises	3
prayed	3
preaching	3
precipitance	3
precipitous	3
precise	3
preferment	3
prejudiced	3
preliminary	3
preparation	3
pressure	3
presumably	3
presuming	3
prevents	3
prices	3
prior	3
prisons	3
privilege	3
privileged	3
proclaim	3
producing	3
proficiency	3
prognostics	3
proportionably	3
proposition	3
protruded	3
province	3
punch	3
punctual	3
punctually	3
purchased	3
purchases	3
purest	3
purse	3
purses	3
pyramids	3
qualifications	3
quartered	3
quartz	3
quickness	3
quieted	3
quivering	3
raft	3
rallied	3
rambling	3
ramsgate	3
rash	3
rationally	3
raved	3
ravine	3
raving	3
rays	3
rd	3
realism	3
realities	3
reasoned	3
reassure	3
reassured	3
recently	3
recording	3
rector	3
recurred	3
reddish	3
refinement	3
reflecting	3
refrained	3
refreshing	3
regimentals	3
register	3
registered	3
regulate	3
regulated	3
reigning	3
rejection	3
relentless	3
religion	3
remedy	3
reminds	3
rendering	3
rending	3
renewing	3
repairs	3
replying	3
reprehensible	3
repressed	3
republican	3
repute	3
resembling	3
resented	3
reserves	3
resolutely	3
responded	3
restrictions	3
reveries	3
review	3
ribbons	3
ride	3
rifts	3
rival	3
roast	3
robes	3
robin	3
roll	3
rome	3
rotterdam	3
roughs	3
rouse	3
royalties	3
royalty	3
rs	3
rudeness	3
ruefully	3
rug	3
ruled	3
rummaged	3
rumours	3
rustling	3
sacrilege	3
safer	3
sagacity	3
sage	3
sakes	3
saluted	3
satiated	3
satin	3
satisfying	3
saviour	3
scaffold	3
scales	3
scandalous	3
scanty	3
scents	3
schools	3
scissors	3
scores	3
scrambled	3
scrap	3
scraping	3
scrawled	3
seasons	3
secretary	3
sensational	3
sensitiveness	3
sermons	3
serpents	3
serves	3
shabby	3
shaded	3
shafts	3
shamefully	3
shaven	3
shaving	3
shifting	3
shivering	3
shoe	3
shunned	3
sided	3
sidled	3
similarity	3
sings	3
sisterly	3
sits	3
sixth	3
skeleton	3
skies	3
slam	3
slammed	3
sleeps	3
slyness	3
smack	3
smelt	3
smothered	3
snows	3
sob	3
softness	3
soldier	3
solicit	3
sore	3
sour	3
southampton	3
southwards	3
spectator	3
spectators	3
spectral	3
speculations	3
spiteful	3
splashing	3
split	3
spoon	3
springs	3
squalid	3
stables	3
stages	3
stagnant	3
stall	3
stalls	3
startling	3
starving	3
stating	3
stationed	3
steadiness	3
steeple	3
stems	3
stiffness	3
stoop	3
stooping	3
stoutly	3
straightened	3
streams	3
stress	3
stricken	3
strictly	3
strides	3
strikes	3
strive	3
stroll	3
student	3
stupendous	3
subsequent	3
subsided	3
subterranean	3
suburban	3
successfully	3
suffocated	3
suitableness	3
sulky	3
supple	3
supplication	3
suppressing	3
surmount	3
surmounted	3
surpassing	3
surplus	3
surprising	3
survey	3
surveyed	3
survived	3
survivors	3
susceptible	3
swallow	3
swan	3
sweetheart	3
swing	3
sword	3
swore	3
sympathetic	3
takings	3
tallest	3
tallow	3
teaching	3
teacup	3
tease	3
teased	3
telescope	3
temperature	3
temptations	3
tenderest	3
testimony	3
thankee	3
thawed	3
thereupon	3
therewith	3
thickened	3
thieves	3
thinner	3
thirteen	3
thorough	3
thoughtfulness	3
thoughtlessness	3
thread	3
threatening	3
thrill	3
throb	3
throws	3
tinged	3
tiptoe	3
toast	3
toe	3
toes	3
tomb	3
tonight	3
tops	3
tormenting	3
torments	3
tortoise	3
tout	3
toward	3
tower	3
towers	3
toy	3
tradesman	3
traffic	3
training	3
trains	3
trait	3
transition	3
transpired	3
transports	3
traverse	3
treading	3
treble	3
tribute	3
trim	3
triumphed	3
trotting	3
trough	3
truest	3
trusting	3
tug	3
tumbled	3
turkish	3
tweed	3
twelfth	3
twentieth	3
twigs	3
twopence	3
typewriter	3
ugliness	3
unalterable	3
unaltered	3
unassuming	3
unavailing	3
unavoidable	3
unbounded	3
uncles	3
unconcern	3
unconcerned	3
underwent	3
undeserving	3
undoubted	3
unexpectedly	3
unfolding	3
ungenerous	3
ungracious	3
unhappily	3
unlocking	3
unluckily	3
unmingled	3
unprofitable	3
unquestionably	3
unreal	3
unremitting	3
unreserved	3
unrestrained	3
untamed	3
untimely	3
unusually	3
upright	3
usefulness	3
user	3
utility	3
uttering	3
vaguely	3
variegated	3
vault	3
veiled	3
velvet	3
ventilation	3
verdure	3
verge	3
verification	3
verify	3
vestiges	3
vices	3
victory	3
vigil	3
vilest	3
visage	3
vividly	3
volumes	3
volunteer	3
vouch	3
vulgarity	3
waking	3
walker	3
wanderings	3
wane	3
waned	3
wantonly	3
warmer	3
warned	3
warnings	3
warranties	3
wavering	3
weakened	3
weaknesses	3
wealthy	3
weapons	3
wearisome	3
wears	3
weigh	3
whale	3
wharf	3
whatsoever	3
whichever	3
whim	3
whimsical	3
whipcord	3
whirled	3
widening	3
widower	3
wilderness	3
wildest	3
wildness	3
wilds	3
willingness	3
windigate	3
wired	3
withdraw	3
wives	3
womanly	3
wonderland	3
wounds	3
woven	3
wreak	3
wriggling	3
wrists	3
writers	3
writes	3
wrongfully	3
wrought	3
xxv	3
youngster	3
youthful	3
zero	3
abbey	2
aberdeen	2
abiding	2
abnormally	2
abominate	2
abound	2
abruptness	2
absorbing	2
absurdities	2
absurdly	2
abundance	2
abused	2
abutted	2
abyss	2
acceded	2
accommodate	2
accomplice	2
accordance	2
accorded	2
accosted	2
ache	2
ached	2
achieve	2
acid	2
acknowledgments	2
acorns	2
acquaint	2
acquaintances	2
acquiesce	2
acquiescence	2
acquisition	2
acres	2
actionable	2
acts	2
actuated	2
adapt	2
additions	2
adduced	2
adieus	2
adjacent	2
adjoining	2
admirers	2
admission	2
admittance	2
admitting	2
adoration	2
advances	2
advantageous	2
adventurous	2
adversity	2
advertise	2
advertising	2
adviser	2
advocate	2
aerial	2
afflicted	2
affliction	2
affords	2
affright	2
affronted	2
africa	2
agitates	2
agonising	2
agricultural	2
ahead	2
aim	2
aimed	2
airy	2
alchemists	2
alert	2
ali	2
alleviate	2
alleviated	2
alley	2
alleys	2
allied	2
allured	2
allurements	2
allusions	2
aloof	2
alpine	2
aluminium	2
amaze	2
amendment	2
amounted	2
analytical	2
anatomy	2
ancles	2
anecdotes	2
angles	2
animate	2
animating	2
annual	2
annum	2
anonymous	2
answerable	2
antagonist	2
anticipate	2
anticipating	2
anticipations	2
antique	2
ape	2
apologies	2
apologise	2
apologized	2
appalled	2
appeased	2
appertaining	2
applause	2
applies	2
apprehend	2
apprehending	2
apprehensive	2
apprenticed	2
aquiline	2
arabic	2
archly	2
arduous	2
area	2
argemone	2
aright	2
arrow	2
artfully	2
articulate	2
artifice	2
ascii	2
ascribed	2
ash	2
ashen	2
asia	2
askance	2
askew	2
aspire	2
aspired	2
assailed	2
assassin	2
assemblage	2
assemblies	2
assented	2
assiduous	2
assigned	2
assistants	2
association	2
atoms	2
atonement	2
atrocious	2
attends	2
attics	2
attired	2
attraction	2
audibly	2
aunts	2
automatic	2
autumnal	2
available	2
availed	2
awaited	2
awaiting	2
awaken	2
awaking	2
awed	2
awfully	2
baba	2
background	2
baggy	2
bags	2
bah	2
bald	2
baleful	2
balloons	2
bands	2
banged	2
bankers	2
barbara	2
barbarity	2
barbarously	2
bared	2
barn	2
barnet	2
barrel	2
barricade	2
barrowful	2
based	2
bashful	2
bass	2
battled	2
bawling	2
beam	2
bearings	2
beatrix	2
beckoning	2
bedded	2
bedpost	2
bedside	2
bee	2
behaves	2
benefactors	2
beneficence	2
benefits	2
benignity	2
bequeathed	2
bequest	2
berths	2
besought	2
bigger	2
billet	2
bind	2
binding	2
birch	2
bitten	2
blacken	2
blackest	2
blanche	2
blasts	2
blight	2
blithe	2
blocks	2
bloodstains	2
bloomed	2
blotched	2
blotches	2
blots	2
blotted	2
blotting	2
boasting	2
boisterous	2
bolt	2
bolts	2
booted	2
borders	2
bored	2
bosoms	2
bough	2
boundaries	2
bounding	2
bounty	2
bowels	2
bowls	2
bows	2
boxed	2
boyhood	2
braced	2
bracelets	2
bradshaw	2
braided	2
braved	2
brawn	2
breakers	2
breezes	2
bridal	2
brightening	2
bristling	2
britannica	2
brittle	2
broader	2
brooch	2
brood	2
brook	2
brutality	2
bud	2
bull	2
bulldog	2
bullet	2
bullion	2
bumping	2
burgled	2
burial	2
burnished	2
burrowing	2
bursting	2
burying	2
busier	2
butterfly	2
buying	2
cabinet	2
cable	2
calculate	2
calhoun	2
calico	2
calves	2
camberwell	2
camden	2
camera	2
campaign	2
candid	2
cannon	2
canopy	2
canst	2
caps	2
captivating	2
captive	2
caressed	2
carpets	2
carr	2
carte	2
cartridges	2
carving	2
cashier	2
casual	2
cauldron	2
cautioning	2
cave	2
caverns	2
ceaseless	2
cells	2
censured	2
chairman	2
challenge	2
chambermaid	2
champagne	2
chancery	2
chapel	2
charges	2
charitable	2
charmingly	2
charnel	2
chat	2
chatter	2
chattered	2
chattering	2
cheapside	2
cheating	2
checking	2
checks	2
cheerily	2
cheerless	2
cherish	2
chestnut	2
chilly	2
chimes	2
chinese	2
chins	2
chiswick	2
chivalrous	2
chivalry	2
choicest	2
choking	2
chord	2
circuit	2
circumspect	2
circumspection	2
citizens	2
clamber	2
clambered	2
clamped	2
clanging	2
clanking	2
clap	2
clash	2
classes	2
clattered	2
claw	2
cleaver	2
climax	2
climb	2
climbed	2
clink	2
closet	2
clothing	2
cloudy	2
cluster	2
coarsely	2
coarseness	2
coast	2
coats	2
cock	2
cocksure	2
coincidence	2
coincidences	2
coins	2
colder	2
coldness	2
coleridge	2
colonies	2
colony	2
colours	2
combat	2
combination	2
comely	2
comfits	2
comforted	2
comfortless	2
commands	2
commendations	2
commonly	2
commonplaces	2
communicating	2
communications	2
communicative	2
communion	2
community	2
como	2
companies	2
compatible	2
compensation	2
complaining	2
complicated	2
compress	2
compromised	2
compromising	2
computer	2
computers	2
comrades	2
concentrated	2
concept	2
concise	2
concluding	2
conclusive	2
concurrence	2
conditionally	2
condole	2
conducive	2
conductors	2
confessor	2
confidant	2
confidante	2
confiding	2
confinement	2
confines	2
confirming	2
confirms	2
conjugal	2
conjunction	2
conjured	2
connivance	2
connubial	2
conqueror	2
consciously	2
consecrate	2
consist	2
consists	2
consoles	2
conspicuous	2
constantinople	2
constellations	2
constituted	2
constrained	2
constraint	2
construct	2
construed	2
consumption	2
contagious	2
contemptuous	2
contention	2
contract	2
contradicted	2
contribute	2
contributions	2
conveniences	2
conveniently	2
convention	2
convert	2
conveying	2
convulsed	2
convulsive	2
convulsively	2
cooing	2
cooks	2
coolness	2
cooped	2
cope	2
coppers	2
core	2
corporation	2
correctly	2
corresponds	2
corroborated	2
corroboration	2
costs	2
cosy	2
counted	2
counteracted	2
counties	2
countryman	2
countryside	2
courted	2
courtiers	2
courtship	2
covers	2
cow	2
coward	2
cows	2
cracking	2
cracks	2
cramp	2
crawford	2
crawl	2
creaking	2
creates	2
creations	2
creative	2
credentials	2
creditor	2
creditors	2
credulity	2
crematoria	2
crevice	2
crib	2
crouched	2
crouching	2
cruscans	2
crushing	2
crust	2
crystalline	2
cultivate	2
cupboards	2
curbed	2
curiosities	2
curiouser	2
curls	2
curricle	2
curses	2
curt	2
curtsey	2
curved	2
curving	2
custard	2
customary	2
customs	2
cuts	2
cylinders	2
cynical	2
dainties	2
damage	2
damning	2
damps	2
dangerously	2
dauntless	2
daydreams	2
dazzling	2
deadliest	2
dealer	2
dealings	2
debility	2
decadent	2
deceitful	2
deceiving	2
decency	2
decked	2
decrease	2
decreased	2
defeated	2
define	2
degenerating	2
dejected	2
delirious	2
della	2
delusion	2
demands	2
demurely	2
denoted	2
department	2
deplored	2
depraved	2
depravity	2
deprive	2
depth	2
depths	2
derelict	2
descendants	2
describing	2
desks	2
desolated	2
desperately	2
despicable	2
despising	2
despondence	2
despondent	2
destination	2
destructive	2
detach	2
detached	2
detaining	2
detect	2
detection	2
deuce	2
developments	2
device	2
devices	2
devilish	2
devotedly	2
devoting	2
devoured	2
dew	2
dews	2
dial	2
diamond	2
diana	2
diary	2
dictated	2
dies	2
diet	2
differed	2
differentiated	2
diffident	2
diffuse	2
diggings	2
diligently	2
diminution	2
dimmed	2
dinn	2
directing	2
dirge	2
disagreeably	2
disappear	2
disappointments	2
discern	2
discerning	2
discharging	2
disclaim	2
disclaimed	2
discompose	2
discomposed	2
discontent	2
discouraged	2
discredit	2
discreet	2
discrimination	2
diseases	2
disgracing	2
disguised	2
disinclined	2
disjointed	2
dismayed	2
dismiss	2
disobey	2
disordered	2
dispatched	2
dispelling	2
displaced	2
dispose	2
disquiet	2
disregarded	2
disregarding	2
disrespect	2
dissecting	2
dissolved	2
dissuade	2
distracted	2
distracting	2
dive	2
diversity	2
divined	2
dizzy	2
docile	2
domain	2
domes	2
dominion	2
doses	2
doted	2
doting	2
dovedale	2
downcast	2
downpour	2
downwards	2
doze	2
drawback	2
draws	2
dreading	2
dreamy	2
drily	2
drives	2
drowsiness	2
drunkard	2
dumb	2
dun	2
duplicate	2
duplicity	2
dutifully	2
eagle	2
earls	2
earning	2
earrings	2
earthquake	2
earthy	2
easterly	2
eccentricity	2
eclipse	2
eclipsed	2
economise	2
eddy	2
edgeware	2
educational	2
edwin	2
eel	2
effectual	2
efficient	2
effusion	2
egotism	2
elated	2
electricity	2
electronically	2
elemental	2
elementary	2
elevate	2
elevates	2
elixir	2
eltons	2
elude	2
email	2
embarkation	2
embellish	2
emblem	2
embrace	2
embracing	2
emerge	2
emergency	2
eminently	2
emphasis	2
emphatically	2
empire	2
employers	2
encamp	2
enchanted	2
encompass	2
encountering	2
endeared	2
enduring	2
engraved	2
enhance	2
enjoined	2
ennui	2
enquired	2
enraptured	2
ensue	2
ensure	2
entertaining	2
enticements	2
entries	2
envied	2
epicurean	2
epilogue	2
epoch	2
equinoctial	2
er	2
erred	2
erroneous	2
escort	2
essentials	2
estimable	2
estimate	2
eternity	2
etiquette	2
evenness	2
evergreens	2
everyday	2
evian	2
evidences	2
exacted	2
exaggerated	2
exaggeration	2
exasperated	2
exceeding	2
excel	2
exceptionally	2
exchanging	2
exclaim	2
exclude	2
excrescence	2
excursion	2
excused	2
executions	2
exercised	2
exerting	2
exhortations	2
exists	2
expanded	2
expedient	2
expedite	2
expeditions	2
expeditiously	2
experiences	2
experimental	2
expiration	2
exploration	2
explorations	2
exploring	2
exposition	2
expounding	2
expressively	2
exquisitely	2
extend	2
extending	2
external	2
extort	2
extract	2
extremes	2
extremest	2
exuberant	2
eyeballs	2
ezekiah	2
facet	2
facetious	2
factories	2
faculty	2
faddy	2
fads	2
fain	2
faintest	2
fairbank	2
fairest	2
fairy	2
falsely	2
faltered	2
famine	2
famous	2
fanciful	2
fanny	2
farintosh	2
farmer	2
farmhouse	2
farthest	2
fascination	2
fashions	2
fatality	2
fatally	2
fathers	2
fathom	2
fattened	2
faultless	2
favours	2
feasible	2
featureless	2
federal	2
feint	2
fenchurch	2
fender	2
ferret	2
ferrets	2
fervently	2
festivities	2
fetched	2
fettered	2
fezziwigs	2
fidelity	2
fidgeted	2
filling	2
film	2
financier	2
finery	2
fingertips	2
finishing	2
fireside	2
firing	2
fitness	2
fitting	2
fiver	2
flagged	2
flags	2
flamingoes	2
flannel	2
flare	2
flashes	2
flaw	2
flecked	2
fleecy	2
fleet	2
fleshless	2
flicker	2
flit	2
flock	2
flooring	2
flourish	2
flourished	2
flourishing	2
flowery	2
flown	2
fluctuated	2
flushing	2
fluttering	2
flutterings	2
foggy	2
fold	2
foldings	2
followers	2
foolishly	2
foolscap	2
footfalls	2
footmen	2
footpaths	2
footprints	2
fordham	2
fordyce	2
foreman	2
forfeit	2
forgery	2
forgiven	2
forgiving	2
forgo	2
formation	2
forthwith	2
forwards	2
fossils	2
fountain	2
fountains	2
fourteenth	2
fragile	2
frames	2
francisco	2
fraud	2
fraught	2
freckled	2
freemasonry	2
freezing	2
frenchman	2
fresher	2
fresno	2
fretfully	2
fretfulness	2
fretted	2
frightfully	2
fritz	2
fronted	2
frontispiece	2
fronts	2
fruitless	2
frying	2
ful	2
functions	2
fungi	2
furs	2
gaieties	2
gait	2
gall	2
gallows	2
gambler	2
games	2
gaping	2
gaps	2
garb	2
gasfitters	2
gasping	2
gaudy	2
gazette	2
gem	2
generality	2
generosity	2
genii	2
geology	2
georgia	2
germans	2
gibe	2
gin	2
girded	2
gladstone	2
glazed	2
glimmering	2
glimpses	2
glisten	2
glitter	2
globes	2
gloried	2
glossy	2
glowed	2
glut	2
gnawed	2
godson	2
goldfish	2
goodge	2
gordon	2
gospel	2
gossiping	2
gouldings	2
governesses	2
gowns	2
grain	2
granted	2
grapes	2
gratulation	2
gravitation	2
greece	2
greedily	2
greenery	2
greenwich	2
gretna	2
greyness	2
griefs	2
grievances	2
grievously	2
grim	2
grimly	2
grinder	2
grindstone	2
grins	2
grossly	2
groundwork	2
grouped	2
groups	2
grunt	2
guise	2
gushed	2
gust	2
gusty	2
habitations	2
habitual	2
hadnt	2
haggerston	2
hailstones	2
hammer	2
hammered	2
hammering	2
handling	2
hanover	2
hapless	2
harness	2
harp	2
harriet	2
harrowing	2
hasn	2
hasnt	2
hast	2
hates	2
hats	2
hauteur	2
hawk	2
hawthorn	2
hay	2
hazarded	2
haze	2
heal	2
heaping	2
hearse	2
hearthrug	2
heaths	2
heeded	2
heh	2
heinous	2
heir	2
heirs	2
helper	2
helping	2
helps	2
henceforth	2
herald	2
herb	2
herbage	2
hereabouts	2
hereford	2
herefordshire	2
heroine	2
heroism	2
hideously	2
hideousness	2
highlands	2
highway	2
hilarity	2
hilli	2
hillocks	2
hindrance	2
hire	2
hiss	2
historical	2
hoarsely	2
hoax	2
holborn	2
holds	2
holidays	2
homer	2
honeymoon	2
honours	2
hood	2
hooded	2
hoofs	2
hook	2
hopkins	2
horrify	2
horsey	2
hospital	2
hound	2
housekeepers	2
howl	2
hubbub	2
hug	2
hugely	2
hugged	2
humankind	2
humbly	2
humiliating	2
humming	2
humorous	2
hundredth	2
hunted	2
hurling	2
hurrah	2
huts	2
hysterics	2
ices	2
identical	2
identified	2
idler	2
illiterate	2
illuminate	2
imaginable	2
imbibed	2
immured	2
impartiality	2
imperceptible	2
imperial	2
implacable	2
implicate	2
implicit	2
implies	2
implore	2
impose	2
impossibility	2
impotence	2
impotent	2
impress	2
imprinted	2
improves	2
imprudently	2
impudence	2
impudent	2
inaction	2
inasmuch	2
inattention	2
inattentive	2
incalculable	2
incensed	2
inch	2
inclemency	2
includes	2
inconsistency	2
inconstant	2
increases	2
incrustation	2
indecision	2
indelible	2
indelicacy	2
index	2
indicating	2
indignity	2
indisposed	2
indistinctly	2
individuality	2
individually	2
inestimable	2
inexperience	2
inextinguishable	2
infatuation	2
infection	2
infernal	2
inferred	2
infirmity	2
infliction	2
informality	2
informs	2
inherit	2
inheriting	2
injurious	2
inky	2
inmate	2
inmates	2
inquirer	2
inquirers	2
inquisitive	2
insects	2
insensibly	2
insignificant	2
insincere	2
insipid	2
insists	2
inst	2
instability	2
institution	2
instructing	2
insulted	2
insure	2
intensely	2
intentionally	2
intercept	2
interchange	2
intermediate	2
interment	2
interminable	2
interpret	2
interpreted	2
interspersed	2
intervening	2
intervention	2
intimately	2
intimidated	2
intrigue	2
intruder	2
intrusted	2
intuition	2
invariable	2
invective	2
invented	2
involving	2
invulnerable	2
inward	2
irons	2
irregular	2
irremediable	2
irreproachable	2
irresistibly	2
irresolution	2
irretrievable	2
irritated	2
issued	2
issues	2
ivy	2
jephro	2
jerked	2
jerking	2
jot	2
journeying	2
jove	2
juicy	2
justification	2
jutting	2
keener	2
kensington	2
kettle	2
kicked	2
kindest	2
kindled	2
kindliness	2
kindred	2
kitchens	2
klan	2
klux	2
kneeling	2
knighthood	2
knitted	2
kramm	2
ku	2
lacked	2
lads	2
lagged	2
lamented	2
lamplighter	2
lancaster	2
landowner	2
lands	2
lank	2
lapse	2
lashed	2
lassitude	2
lateness	2
latent	2
latterly	2
laudanum	2
laundress	2
leader	2
leaked	2
leant	2
leap	2
ledgers	2
lefthand	2
legally	2
legible	2
lemons	2
lengthened	2
leprous	2
liberated	2
liberties	2
licking	2
lifting	2
lightened	2
lighthouse	2
lightly	2
limped	2
lineaments	2
linger	2
lingered	2
listeners	2
literally	2
litter	2
littleness	2
lizzie	2
locket	2
lodger	2
lodges	2
lodging	2
logic	2
longitude	2
loo	2
lords	2
loungers	2
loveliest	2
lowered	2
lucerne	2
lucid	2
lullaby	2
lulled	2
lump	2
lunatic	2
luncheon	2
lurked	2
luxuries	2
lvi	2
lxi	2
madly	2
maggie	2
magnificence	2
mainland	2
maintaining	2
mainz	2
mall	2
managing	2
mangled	2
mannered	2
mannish	2
manoir	2
mansfield	2
manual	2
maps	2
marbank	2
marrow	2
masculine	2
mashed	2
masterpieces	2
mastiff	2
mat	2
mates	2
mccauley	2
meagre	2
meanest	2
meanness	2
measuring	2
meddle	2
meditated	2
meditations	2
mediterranean	2
meekly	2
melbourne	2
melodious	2
melted	2
memorable	2
memories	2
menaces	2
mens	2
mercia	2
merciless	2
mercury	2
merited	2
merrier	2
mess	2
messenger	2
metropolitan	2
mexico	2
michaelmas	2
midway	2
milan	2
milliner	2
millionaire	2
mingling	2
mining	2
minister	2
minutest	2
miracle	2
mis	2
miscellaneous	2
mischance	2
misconduct	2
misgivings	2
misled	2
misrepresented	2
missile	2
mister	2
misty	2
misused	2
mix	2
modification	2
modified	2
molecule	2
momentarily	2
monogram	2
monosyllable	2
montanvert	2
monument	2
moor	2
morality	2
morocco	2
mortals	2
mossy	2
motioned	2
moulded	2
mounted	2
moustache	2
mule	2
multiply	2
multitudes	2
mumbling	2
mummy	2
munro	2
murmuring	2
muscle	2
muscular	2
musing	2
mutable	2
mute	2
mutiny	2
mutton	2
muzzle	2
nameless	2
napoleons	2
narrated	2
narratives	2
narrowed	2
narrowest	2
nation	2
nations	2
naturedly	2
natures	2
nausea	2
ne	2
nearing	2
necessities	2
neglecting	2
negligence	2
nervously	2
nest	2
net	2
newcomer	2
newcomers	2
nez	2
nibbled	2
nician	2
nigh	2
nightingale	2
nipped	2
nnight	2
nobler	2
nod	2
nook	2
norris	2
northeast	2
northumbria	2
northwards	2
nostrils	2
nothingness	2
notices	2
noting	2
novelist	2
novelties	2
nugent	2
oaks	2
oar	2
oars	2
oath	2
objected	2
oblique	2
oblivion	2
obscured	2
obstructed	2
occupies	2
oclock	2
odds	2
ogre	2
oldest	2
omen	2
omit	2
omnipotence	2
onion	2
onions	2
onward	2
opaque	2
opponent	2
oppressively	2
opulence	2
orb	2
oriental	2
originated	2
ormstein	2
ornament	2
ostlers	2
ounce	2
outbreaks	2
outhouse	2
outlined	2
outlines	2
outr	2
outskirts	2
outstanding	2
oven	2
overbearing	2
overcoming	2
overhangs	2
overnight	2
overset	2
overtake	2
overtaken	2
overturned	2
overwhelm	2
oyster	2
oysters	2
pacific	2
pages	2
pained	2
painter	2
pales	2
paling	2
pall	2
pallid	2
palpable	2
palpitated	2
palpitation	2
palps	2
paltry	2
pan	2
panelling	2
panes	2
pangs	2
panic	2
panted	2
parade	2
paramore	2
paramount	2
parapets	2
parasol	2
parchment	2
parental	2
parr	2
parrot	2
participate	2
passes	2
patches	2
paternal	2
pathway	2
patients	2
patting	2
payment	2
peak	2
pears	2
pebble	2
pecuniary	2
pedestrian	2
peeled	2
peep	2
peevish	2
penance	2
pencils	2
penny	2
pens	2
pensive	2
penury	2
perceptible	2
perch	2
perched	2
perfections	2
performs	2
perils	2
permanency	2
perpendicular	2
perpetrated	2
persecuted	2
persevered	2
persist	2
persistence	2
persistently	2
personages	2
personality	2
perturbation	2
petrified	2
ph	2
phenomena	2
philadelphia	2
philipses	2
physician	2
physiognomy	2
pillar	2
pillows	2
pin	2
pince	2
pine	2
piny	2
piping	2
pities	2
pitiless	2
plainer	2
plaited	2
planes	2
planks	2
playfully	2
playmate	2
pleasurable	2
ploughed	2
pluck	2
plucking	2
plundered	2
poisoned	2
poky	2
political	2
polluted	2
pon	2
ponderous	2
populous	2
porch	2
portal	2
portraits	2
positions	2
possessing	2
possessions	2
possessor	2
pound	2
practises	2
prank	2
pratt	2
prayer	2
pre	2
precarious	2
precautions	2
precepts	2
precipice	2
predicted	2
prediction	2
premium	2
prendergast	2
preoccupied	2
prepossession	2
presentiment	2
presenting	2
preservative	2
preserver	2
preside	2
pretension	2
prettiness	2
prevailing	2
preventing	2
priest	2
princess	2
prized	2
probabilities	2
probed	2
processes	2
proclaimed	2
prodigious	2
product	2
production	2
productions	2
proficient	2
profits	2
projected	2
projection	2
prominently	2
promoting	2
promotion	2
prompted	2
prone	2
proofs	2
propensity	2
prophetic	2
proportionate	2
proprietary	2
protest	2
proudly	2
proving	2
provisions	2
pshaw	2
publicity	2
publisher	2
puddings	2
punctuality	2
pupils	2
purchasing	2
purposed	2
purring	2
putty	2
puzzles	2
quarrelled	2
quarrels	2
queens	2
quenched	2
questionable	2
quicker	2
quill	2
quiver	2
quivered	2
quote	2
rabbits	2
raced	2
radius	2
rambled	2
ransacked	2
rapped	2
rapturous	2
rapturously	2
rarest	2
rashness	2
raven	2
ray	2
rayless	2
reaches	2
readable	2
readjust	2
realisation	2
reap	2
rearing	2
rearranging	2
rebuke	2
recalling	2
recede	2
reckless	2
reckoned	2
recognising	2
recognition	2
recoiled	2
recommending	2
reconcile	2
reconciliation	2
reconsidered	2
recourse	2
recurring	2
redeem	2
redistributing	2
redistribution	2
redress	2
reef	2
reeling	2
references	2
refers	2
regain	2
regardless	2
regent	2
regretting	2
regularity	2
regulars	2
rejecting	2
rekindled	2
relapse	2
relics	2
relinquish	2
relinquished	2
remedies	2
reminding	2
reminiscence	2
remonstrance	2
remonstrate	2
repair	2
repairing	2
repassed	2
repelled	2
repented	2
repining	2
reporting	2
reposed	2
representing	2
represents	2
repress	2
reproached	2
reproaches	2
reproofs	2
repugnant	2
repulsed	2
reputed	2
requesting	2
requisite	2
requisition	2
requited	2
researches	2
resembled	2
resentful	2
resentfully	2
reside	2
resign	2
resisted	2
resistless	2
resort	2
resounded	2
respectful	2
responsible	2
restlessness	2
resume	2
retailing	2
retaining	2
retains	2
retiring	2
retort	2
retreating	2
retrogression	2
revealing	2
revellers	2
revered	2
reverently	2
reversed	2
reverses	2
reverted	2
revisit	2
revolt	2
revolutions	2
revolving	2
rhododendron	2
rhododendrons	2
rhone	2
richardson	2
richest	2
richly	2
richness	2
ridge	2
ridges	2
riding	2
rifled	2
ringlets	2
ripe	2
rippling	2
rises	2
risks	2
riverside	2
roaring	2
roarings	2
roasted	2
roasting	2
robberies	2
rocky	2
rogue	2
rooted	2
rowing	2
roylotts	2
rudder	2
rudimentary	2
ruler	2
rumbling	2
ruskin	2
russia	2
russian	2
ruthless	2
sable	2
sacred	2
saddest	2
sails	2
saint	2
saintly	2
saintsbury	2
sallied	2
sallies	2
sally	2
saloon	2
sample	2
san	2
sanctioned	2
sand	2
sandals	2
sands	2
sandwiched	2
sanguinary	2
sanguine	2
satan	2
satire	2
sauce	2
sausages	2
savagely	2
scaffolding	2
scaling	2
scandinavia	2
scanned	2
scheming	2
scintillating	2
scoffing	2
scolded	2
scolding	2
scorched	2
scored	2
scott	2
scramble	2
scrape	2
scraped	2
scratch	2
scratching	2
screening	2
screws	2
scroll	2
scrupled	2
scrupulous	2
se	2
seals	2
seared	2
seclusion	2
secondary	2
sections	2
securer	2
securing	2
seedy	2
seizing	2
selecting	2
semblance	2
senior	2
sensationalism	2
sentinel	2
sequel	2
sequence	2
serenely	2
sermon	2
serviceable	2
servox	2
sets	2
settlement	2
settles	2
seventh	2
seventy	2
sewing	2
sh	2
shakespeare	2
shallow	2
shameful	2
shapeless	2
shave	2
shawl	2
sherry	2
shift	2
shipping	2
shocks	2
shopping	2
shout	2
shouts	2
shovel	2
shreds	2
shrieks	2
shrimp	2
shroud	2
shrouded	2
shrug	2
shuffled	2
shuttered	2
shyly	2
shyness	2
sickbed	2
signification	2
silhouette	2
silken	2
similarly	2
simplicity	2
sin	2
singers	2
singled	2
sinks	2
sinned	2
sixty	2
skiff	2
skinned	2
slackened	2
slang	2
slaughter	2
sleepers	2
slid	2
slide	2
slim	2
slime	2
slippery	2
slumbrous	2
smarting	2
smeared	2
smearing	2
smears	2
smelling	2
smilingly	2
smokes	2
smoky	2
smoothed	2
smote	2
snap	2
snarl	2
snarled	2
snatch	2
snatches	2
sneeze	2
sneezes	2
soaring	2
sober	2
societies	2
sockets	2
socks	2
soda	2
sodden	2
soften	2
soil	2
solemnisation	2
soles	2
solicitation	2
solicited	2
soliciting	2
solidity	2
solstice	2
somersault	2
sounding	2
spacious	2
spasmodic	2
specialist	2
specified	2
spectres	2
sped	2
speechless	2
spell	2
spellbound	2
spence	2
spider	2
spies	2
spirited	2
spiritless	2
splashed	2
splendidly	2
spoil	2
spoilt	2
sports	2
spout	2
spun	2
spur	2
spurn	2
squalidness	2
squeaking	2
squeeze	2
squeezed	2
staff	2
stagger	2
stain	2
stale	2
stalked	2
stalks	2
stammered	2
stamped	2
standard	2
starlight	2
starvation	2
starve	2
statements	2
stations	2
staved	2
stays	2
steal	2
stealthily	2
steep	2
steeples	2
stem	2
stepdaughter	2
stifle	2
stile	2
stingy	2
stomach	2
stored	2
storied	2
stove	2
straggling	2
straighten	2
strangeness	2
strangled	2
streak	2
streaming	2
strengthen	2
strengthened	2
strewed	2
strictest	2
stride	2
strife	2
strings	2
strode	2
strokes	2
stuffed	2
stuffy	2
stumbling	2
sturdy	2
sty	2
suavely	2
subduing	2
subsiding	2
subsist	2
subsisting	2
substantives	2
substitute	2
successor	2
successors	2
succour	2
sucked	2
suffers	2
sufficiency	2
suits	2
sulkily	2
sullenly	2
sulphur	2
sunlit	2
sunrise	2
superfluous	2
superiority	2
superscription	2
supreme	2
surest	2
surveying	2
survival	2
surviving	2
sustenance	2
swain	2
swamp	2
swarm	2
sweat	2
sweating	2
sweep	2
sweeter	2
swimmer	2
swollen	2
syllables	2
symmetry	2
sympathising	2
systems	2
talker	2
talks	2
tangible	2
tarry	2
tassels	2
tatters	2
teacups	2
technical	2
telegraph	2
telephone	2
telescopes	2
temperate	2
temples	2
tenant	2
tenants	2
tended	2
tendencies	2
tenfold	2
tentacles	2
tenth	2
tents	2
terminated	2
terrestrial	2
testament	2
text	2
thackeray	2
thankfulness	2
thenceforth	2
thickly	2
thinker	2
thirdly	2
thirsted	2
thistle	2
thomas	2
thomson	2
thoroughfare	2
threadneedle	2
threaten	2
threatens	2
thrice	2
throats	2
throne	2
thrush	2
thrusting	2
thudding	2
thump	2
tidy	2
tiger	2
tin	2
tingling	2
tints	2
tiptoes	2
tire	2
tiresome	2
toilette	2
token	2
tongs	2
tooks	2
tooth	2
torpor	2
torrent	2
torrents	2
toss	2
towered	2
toys	2
tracing	2
traditions	2
trample	2
tranquilly	2
transaction	2
transformation	2
transmit	2
transport	2
transverse	2
transversely	2
tray	2
treating	2
trespass	2
tresses	2
tricked	2
trickery	2
trickle	2
trickling	2
trifles	2
trimming	2
trophy	2
troublesome	2
troubling	2
trouser	2
trout	2
trunks	2
trustees	2
trusty	2
tucker	2
tune	2
tunes	2
tunic	2
tunnels	2
turfy	2
turkeys	2
turnkeys	2
turtles	2
twins	2
ugh	2
uglier	2
uglification	2
ultimate	2
umbrella	2
unabated	2
unaffectedly	2
unallied	2
unavoidably	2
unbending	2
unchecked	2
uncomfortably	2
uncovered	2
undeceive	2
undergo	2
undertone	2
undiscovered	2
undoing	2
undulating	2
uneasily	2
unembarrassed	2
unemployed	2
uneven	2
unexampled	2
unexplored	2
unfair	2
unfamiliar	2
unfelt	2
unfold	2
unforgiving	2
unfulfilled	2
ungainly	2
ungovernable	2
unheard	2
unimpeachable	2
unintelligible	2
unjustifiable	2
unkindness	2
unmistakable	2
unmoved	2
unperceived	2
unprejudiced	2
unqualified	2
unravel	2
unreasonably	2
unreasoning	2
unrolled	2
unsatisfied	2
unsocial	2
unsolved	2
unspeakable	2
unstable	2
unsuccessful	2
unsuitable	2
unwell	2
unwholesome	2
upbraided	2
updated	2
uppermost	2
uproar	2
upside	2
ushered	2
utensils	2
utilise	2
uvre	2
vacancies	2
vacuous	2
vagabond	2
valid	2
valves	2
vanilla	2
variable	2
variation	2
varieties	2
varying	2
vastly	2
vegetable	2
vegetation	2
vehemence	2
vehicle	2
veneration	2
ventilating	2
venting	2
venturing	2
veracity	2
verbatim	2
verbs	2
verdant	2
verdigris	2
vermin	2
vertical	2
vex	2
vexations	2
vexatious	2
vibrate	2
vicinity	2
vigorous	2
villages	2
villains	2
villainy	2
villas	2
vindication	2
vinegar	2
vintage	2
violation	2
volunteered	2
vote	2
vowed	2
wag	2
wan	2
wanderer	2
ward	2
warded	2
wardrobe	2
warehouses	2
warrant	2
warranty	2
warsaw	2
watches	2
watchett	2
watchfulness	2
watchword	2
watered	2
waterproof	2
watery	2
waylaid	2
wayside	2
weaken	2
weaker	2
wearied	2
wearily	2
weeds	2
weekly	2
weighted	2
weird	2
wert	2
westaway	2
western	2
westhouse	2
westmorland	2
wharves	2
whereabouts	2
whine	2
whirling	2
whirlwinds	2
whisky	2
whispers	2
whistled	2
whistles	2
whistling	2
whittingham	2
whoa	2
wicker	2
widened	2
widest	2
width	2
windsor	2
winged	2
wiped	2
wiry	2
withal	2
withdrawing	2
withstand	2
witted	2
woeful	2
woes	2
wollstonecraft	2
woodcock	2
wooded	2
woody	2
wooing	2
worker	2
workhouses	2
worlds	2
worry	2
worrying	2
wounding	2
wrapper	2
wrapping	2
wreath	2
wrecked	2
wrenching	2
wretchedly	2
wrinkle	2
wrinkles	2
writings	2
wronged	2
xl	2
xliv	2
xlix	2
xlvi	2
xviii	2
xx	2
xxi	2
xxii	2
xxiv	2
xxx	2
xxxi	2
xxxii	2
xxxiv	2
xxxvi	2
yearned	2
yo	2
york	2
zealand	2
zigzag	2
abandons	1
abatement	1
abbots	1
abed	1
abels	1
abjure	1
ablution	1
abnormal	1
aboard	1
abomination	1
abominations	1
abortion	1
abortive	1
abrahams	1
absolution	1
absolved	1
absorb	1
abstain	1
abstained	1
abstinence	1
abstract	1
abstractions	1
abstruse	1
absurdity	1
abysmal	1
abysses	1
acacias	1
academic	1
accede	1
acceding	1
accelerate	1
accessed	1
accessible	1
accession	1
accessory	1
accompli	1
accountant	1
accumulate	1
accurately	1
accusatory	1
accuser	1
accuses	1
accusing	1
acetones	1
aches	1
achievements	1
achieving	1
aching	1
acknowledges	1
acknowledging	1
acme	1
acquainting	1
acquiesced	1
acquiring	1
acquittal	1
acrimony	1
actress	1
acuteness	1
acutest	1
ada	1
adamant	1
adaptations	1
adder	1
addicted	1
ade	1
adept	1
adhered	1
adhering	1
adhesive	1
adjective	1
adjourn	1
adjuration	1
adjusting	1
administered	1
administration	1
administrator	1
admittedly	1
ado	1
adoption	1
adorn	1
adorns	1
adrift	1
adroitly	1
advent	1
adventurer	1
adventuress	1
advertisements	1
advising	1
affable	1
affaire	1
affects	1
affirm	1
afflicting	1
affluence	1
afghan	1
afghanistan	1
afield	1
afore	1
aforementioned	1
afresh	1
agape	1
agents	1
aggravate	1
aggravation	1
aghast	1
agile	1
agility	1
agitating	1
agitations	1
agra	1
agrees	1
ahem	1
aiguilles	1
aimlessly	1
airing	1
ajar	1
akimbo	1
alarms	1
albatross	1
aldermen	1
aldersgate	1
aldershot	1
alexander	1
algal	1
alias	1
alicia	1
alienated	1
alighting	1
allayed	1
alleged	1
allegra	1
allotted	1
allowable	1
allowances	1
allows	1
alloy	1
alluding	1
alluring	1
ally	1
almighty	1
almonds	1
almshouse	1
aloft	1
alphabet	1
alphonse	1
alternating	1
alternation	1
alternations	1
amalgam	1
amassed	1
amazes	1
ambitious	1
ambush	1
ameliorate	1
ameliorating	1
amend	1
americans	1
amethyst	1
amorous	1
amounting	1
amoy	1
amphitheatre	1
amplifying	1
anachronism	1
anachronisms	1
analysing	1
anatomise	1
ancestral	1
ancestry	1
anchor	1
ancle	1
anderson	1
andes	1
andover	1
andrew	1
anemones	1
angelica	1
angels	1
ankles	1
annexed	1
annoy	1
annoying	1
anoints	1
anon	1
anstruther	1
antecedents	1
antechamber	1
antelope	1
antenn	1
antenna	1
anteroom	1
antics	1
antipathies	1
antipathy	1
antiquity	1
anyway	1
apache	1
apaches	1
apathy	1
apertures	1
apoplectic	1
apostles	1
apparelled	1
appealed	1
appealing	1
appease	1
appendices	1
appertain	1
applauded	1
applicant	1
appointed	1
appraised	1
appreciably	1
appreciation	1
apprentice	1
apprentices	1
appropriated	1
approval	1
approving	1
approvingly	1
aproned	1
aprons	1
arab	1
arat	1
arbiters	1
arbour	1
arc	1
archbishops	1
arched	1
archery	1
archie	1
architects	1
archness	1
archways	1
arguing	1
argumentative	1
ariosto	1
arithmetic	1
arizona	1
armada	1
armchairs	1
armour	1
arnsworth	1
aromatic	1
arranges	1
arrear	1
arrears	1
arresting	1
arrives	1
arrogance	1
arrogant	1
arrows	1
arrowy	1
arrum	1
artery	1
articulation	1
artificially	1
artillery	1
arveiron	1
ascertained	1
ashworth	1
asiatics	1
asperity	1
aspires	1
assailants	1
assassinated	1
assault	1
assaulted	1
assemblages	1
assemblance	1
assembling	1
assent	1
assents	1
asserting	1
asseverations	1
assiduously	1
assign	1
assimilation	1
associates	1
associating	1
assuage	1
assumption	1
astir	1
astounded	1
astounding	1
astrakhan	1
astronomy	1
astute	1
astuteness	1
atheling	1
atkinson	1
atoned	1
attachments	1
attainment	1
attainments	1
attenuated	1
attest	1
attica	1
attire	1
attractiveness	1
attracts	1
attributing	1
auckland	1
auditor	1
augment	1
augmenting	1
auguries	1
augury	1
augustine	1
austenians	1
austerity	1
australians	1
austria	1
austrian	1
authenticity	1
authorize	1
authorizing	1
avenge	1
averred	1
averted	1
avidity	1
avow	1
award	1
awkwardly	1
awry	1
axe	1
axes	1
axiom	1
axis	1
azure	1
babe	1
babes	1
bachelors	1
backwards	1
bacteria	1
badge	1
baits	1
baked	1
bakewell	1
baking	1
ballad	1
balloon	1
ballots	1
balm	1
balminess	1
balmy	1
balustraded	1
balustrades	1
balzac	1
ban	1
bandaged	1
bandages	1
bandy	1
banishing	1
banquet	1
banstead	1
barbaric	1
barber	1
barefaced	1
bareness	1
barer	1
barking	1
barks	1
barley	1
barometer	1
barometric	1
barouche	1
barrels	1
barricaded	1
barriers	1
barrow	1
barton	1
baryta	1
basest	1
basketful	1
basking	1
bates	1
bathe	1
bathed	1
bathroom	1
baths	1
battering	1
battersea	1
bauble	1
bawled	1
baxter	1
bay	1
baying	1
beads	1
beak	1
beamed	1
bean	1
bearded	1
bearers	1
beatings	1
beauteous	1
beauti	1
beautify	1
beaux	1
bedewed	1
bedight	1
bedim	1
bedlam	1
bedtime	1
beech	1
beetling	1
befriended	1
beget	1
beggarman	1
beggary	1
begotten	1
begrimed	1
begs	1
beguiled	1
behead	1
beheading	1
behindhand	1
behoves	1
beige	1
belated	1
belectured	1
belemnite	1
belle	1
bellied	1
belshazzars	1
benches	1
benefiting	1
benevolently	1
bengal	1
benumbed	1
bereft	1
bermuda	1
bernard	1
berth	1
beseech	1
beseeching	1
besieged	1
bespoke	1
betook	1
betraying	1
betrothal	1
bets	1
bewailed	1
bewildering	1
bewitched	1
bewitching	1
biassed	1
bible	1
bicycling	1
bide	1
bids	1
bier	1
biffins	1
bigotry	1
bijou	1
bile	1
bilious	1
billiard	1
billycock	1
binary	1
bingen	1
biographies	1
biography	1
biological	1
birchmoor	1
birmingham	1
biron	1
birthday	1
birthright	1
bishop	1
bisulphate	1
bits	1
bitterer	1
blackbird	1
blackened	1
blackening	1
blacker	1
blackguard	1
blacking	1
blackmailing	1
blacksmith	1
blades	1
blamable	1
blamed	1
blamelessness	1
blanched	1
bland	1
bleakness	1
bleating	1
bled	1
bleeds	1
blemish	1
blend	1
blended	1
blenheim	1
blest	1
blindfold	1
blinding	1
blindmans	1
blinked	1
blithest	1
bloc	1
blockaded	1
blockhead	1
blonde	1
bloodshed	1
bloodthirsty	1
bloomsbury	1
blossoms	1
blotch	1
blowzy	1
bluff	1
bluish	1
blundered	1
blunders	1
blur	1
blurs	1
blushing	1
bluster	1
boa	1
boarder	1
bodes	1
boiling	1
boils	1
boisterously	1
boisterousness	1
bole	1
boles	1
bolted	1
bond	1
bondage	1
bonfire	1
bonneted	1
bonniest	1
bonny	1
boomed	1
booming	1
boon	1
bordeaux	1
borough	1
bosses	1
boswell	1
botany	1
bother	1
bothered	1
boughs	1
boulanger	1
bountiful	1
bourne	1
boxer	1
boyish	1
brace	1
braces	1
brake	1
bramble	1
brambles	1
bran	1
branched	1
brand	1
branded	1
brassy	1
braving	1
brawling	1
brawls	1
brazen	1
breaches	1
breakfasted	1
breakfasts	1
breaks	1
breasted	1
breastpin	1
breasts	1
breathlessly	1
breeches	1
breed	1
breezy	1
bres	1
brethren	1
brevity	1
brewer	1
brewing	1
briar	1
bribe	1
bribery	1
brickish	1
brides	1
bridle	1
brigands	1
brim	1
brimful	1
brims	1
broadest	1
broadwise	1
bromley	1
brontosaurus	1
brooding	1
brooking	1
browed	1
brownish	1
bruise	1
bruised	1
brushes	1
brushing	1
bubbles	1
bubbling	1
buck	1
buckles	1
budding	1
budge	1
buds	1
buffalo	1
buffeted	1
builder	1
bulge	1
bulks	1
bully	1
bunch	1
bunches	1
bundles	1
burdened	1
burdensome	1
burglar	1
burglars	1
burlesque	1
burly	1
burney	1
burns	1
burrows	1
burslem	1
bury	1
bush	1
businesslike	1
buskins	1
bustled	1
bustling	1
busybody	1
butlers	1
butted	1
buttercup	1
buttered	1
butterflies	1
button	1
buzz	1
buzzing	1
bygone	1
cabby	1
cabinets	1
cabriolet	1
cackled	1
cadaverous	1
cadence	1
cadger	1
cage	1
caged	1
cains	1
caked	1
cal	1
calamities	1
calculating	1
calculation	1
calculations	1
calcutta	1
calendar	1
calf	1
californian	1
callous	1
caltrops	1
cambric	1
cambridge	1
camomile	1
campagne	1
campaigner	1
campful	1
canary	1
cancan	1
candidate	1
candied	1
candlesticks	1
canisters	1
cannibal	1
canopied	1
canterbury	1
capacities	1
cape	1
capering	1
capers	1
capitalist	1
capitulated	1
caprices	1
captivate	1
captivated	1
captivation	1
capture	1
captured	1
caraffe	1
carbolised	1
carbuncles	1
caress	1
caressing	1
careworn	1
cargo	1
caricature	1
carlo	1
carlovignan	1
carlsbad	1
carlyle	1
carnage	1
carnal	1
carnivorous	1
carolinas	1
carpenter	1
carpeted	1
carpeting	1
carrier	1
carriers	1
carroll	1
carters	1
cartwheels	1
cascade	1
caseful	1
casement	1
cash	1
cashbox	1
cask	1
casket	1
casks	1
cassel	1
cassino	1
casualties	1
catalogue	1
cataract	1
catastrophes	1
category	1
cathedral	1
catholic	1
catlike	1
causa	1
causation	1
caustic	1
cautiousness	1
caved	1
cavern	1
ceases	1
ceasing	1
celerity	1
cellars	1
cemeteries	1
cemetery	1
cenis	1
censuring	1
cent	1
cents	1
ceremonies	1
certificates	1
cessation	1
cesspools	1
ceum	1
ch	1
chafed	1
chaff	1
chaffed	1
chaffering	1
chagrined	1
chalked	1
chamberlayne	1
changeable	1
channel	1
channelled	1
channels	1
chaperon	1
chaps	1
chapters	1
characterise	1
characterises	1
characteristically	1
characterize	1
charging	1
charities	1
charmed	1
charwoman	1
chary	1
chased	1
chasing	1
chasms	1
chastened	1
chastise	1
chatsworth	1
chatte	1
chatted	1
chatting	1
chatty	1
chawton	1
cheapness	1
cheated	1
cheats	1
checkmate	1
cheekbones	1
cheeked	1
cheerlessly	1
chemist	1
chemists	1
cheque	1
chequered	1
cherub	1
chesterfield	1
chewing	1
chicken	1
chiffon	1
childbearing	1
childless	1
childlike	1
childs	1
chilling	1
chime	1
chimera	1
chimeras	1
chimerical	1
chinchilla	1
chinked	1
chinks	1
chinless	1
chip	1
chirrup	1
chisel	1
choke	1
chop	1
christ	1
christening	1
christianity	1
chronic	1
chronicler	1
chronological	1
chrysalis	1
chubb	1
chucked	1
chuckling	1
churches	1
churchill	1
cicerone	1
cigarettes	1
cinder	1
cinnamon	1
circulated	1
circulates	1
circulating	1
citadel	1
civilising	1
clamorous	1
clamour	1
clank	1
clanked	1
clara	1
claret	1
clark	1
clarke	1
clasp	1
claspings	1
clasps	1
classical	1
classics	1
classifications	1
clat	1
cleaning	1
cleanly	1
cleanse	1
clearest	1
clearness	1
clears	1
clemency	1
clement	1
clergy	1
clerical	1
cleverness	1
click	1
clicking	1
cliffs	1
climbers	1
climes	1
clinched	1
clinked	1
clocks	1
closets	1
closure	1
clotilde	1
clubs	1
clucked	1
clumps	1
clustering	1
coaches	1
coarser	1
coarsest	1
coasting	1
coaxed	1
cobb	1
cobbler	1
cobwebby	1
cocking	1
cockroaches	1
cocktail	1
code	1
codes	1
cogent	1
coherent	1
coiling	1
coils	1
coin	1
coincide	1
coincided	1
coincident	1
coiners	1
coldest	1
colds	1
collapse	1
collections	1
colleges	1
cologne	1
colonization	1
combated	1
combe	1
combinations	1
combine	1
combustibles	1
combustion	1
comedy	1
comers	1
comet	1
comic	1
commander	1
commanding	1
commences	1
commendable	1
commenting	1
commercial	1
commiserate	1
commiseration	1
commissioned	1
commissioning	1
commissions	1
committing	1
commonest	1
commons	1
commotion	1
communicativeness	1
communism	1
communistic	1
commuting	1
compact	1
compactness	1
comparable	1
compare	1
comparisons	1
compassed	1
compasses	1
compassionated	1
compensate	1
competence	1
competitor	1
compilation	1
complaisant	1
completeness	1
completes	1
complexions	1
complexity	1
complicates	1
complimentary	1
complimenting	1
composer	1
composes	1
composing	1
composite	1
compositor	1
compound	1
compounded	1
comprehending	1
comprehends	1
comprehension	1
comprise	1
compromise	1
compulsion	1
comrade	1
comyns	1
concavity	1
conceals	1
concede	1
conceivable	1
conceives	1
conceiving	1
concentrate	1
concentration	1
concerto	1
concerts	1
conciliate	1
conciliatory	1
concrete	1
concussion	1
condemnation	1
condemns	1
condensed	1
condescendingly	1
condescends	1
conditional	1
condolence	1
conduce	1
conductor	1
confectioner	1
confederacy	1
confederates	1
confer	1
conferred	1
confessing	1
confidently	1
confining	1
confiscated	1
conflagration	1
conflicting	1
conformation	1
confound	1
confronted	1
confronting	1
confusedly	1
confusedness	1
congeal	1
congealed	1
conger	1
congratulation	1
congregated	1
conjuror	1
connecting	1
connects	1
conscientious	1
conscientiously	1
consecrated	1
consenting	1
consequent	1
considerate	1
considerateness	1
consign	1
consigned	1
consistency	1
consolatory	1
conspiring	1
constabulary	1
constancy	1
constitute	1
constitutes	1
construing	1
consultation	1
consultations	1
consults	1
consumes	1
consuming	1
consummated	1
consumptive	1
contemplative	1
contest	1
continent	1
continental	1
continents	1
continuation	1
continues	1
continuous	1
continuously	1
contours	1
contradiction	1
contradictions	1
contradictory	1
contralto	1
contrariety	1
contrariwise	1
contrasted	1
contrasting	1
contrition	1
controvert	1
controverted	1
contumely	1
conundrums	1
convent	1
conventionalities	1
conventions	1
conversational	1
conversible	1
converting	1
conveyance	1
conveys	1
convict	1
convicted	1
convoy	1
convulse	1
convulsion	1
convulsions	1
cooked	1
cookery	1
coolest	1
cooling	1
cop	1
copier	1
coppice	1
coquetry	1
coquettish	1
coral	1
corkscrew	1
cornhill	1
cornwall	1
corrected	1
correspond	1
corresponded	1
correspondents	1
corridors	1
corroborate	1
corrugated	1
corrupt	1
corrupted	1
cosmic	1
coster	1
costing	1
cosway	1
cot	1
cottager	1
cotton	1
coughing	1
coughs	1
counsellor	1
counsellors	1
counteract	1
counterbalance	1
counterpaned	1
counterpart	1
countrymen	1
countrys	1
counts	1
coup	1
coupar	1
coupled	1
courageous	1
courier	1
courteous	1
courtesied	1
courtier	1
courting	1
courts	1
courtyard	1
coventry	1
coverley	1
coveted	1
covetous	1
coveys	1
cowards	1
coxcomb	1
crabs	1
crackled	1
cradle	1
cradles	1
craggy	1
crags	1
crane	1
crashed	1
crashing	1
crates	1
cravats	1
craving	1
cravings	1
crayons	1
crazy	1
creak	1
creators	1
creatress	1
credible	1
creditably	1
credited	1
creep	1
cretaceous	1
crevices	1
crew	1
crewe	1
criminality	1
cringe	1
cringing	1
crinkled	1
crippled	1
crippling	1
crisply	1
criticise	1
criticisms	1
critics	1
croaking	1
crocodile	1
crocuses	1
crony	1
croqueted	1
croqueting	1
crossly	1
crowding	1
crowds	1
crowned	1
crowns	1
crucial	1
crucible	1
crude	1
crudest	1
cruellest	1
crumb	1
crumbly	1
crustacea	1
crusted	1
crystal	1
crystallised	1
crystals	1
cub	1
cubic	1
cudgelled	1
cuffs	1
culled	1
culminating	1
cultivating	1
culture	1
cultured	1
cumbrous	1
cupolas	1
cur	1
curb	1
curdles	1
cured	1
currants	1
currently	1
curtailed	1
curtaining	1
curtseying	1
curves	1
cushioned	1
customer	1
customers	1
cuttings	1
cuvier	1
cycle	1
cylinder	1
cynic	1
cypress	1
dabble	1
dabbled	1
dagger	1
daintiest	1
dainty	1
daisies	1
daisy	1
damascus	1
damsel	1
dancers	1
dane	1
dangle	1
danseuse	1
dante	1
darkest	1
darknesses	1
darlington	1
darned	1
darwin	1
dashwood	1
daubing	1
dawdled	1
dawdling	1
daws	1
daybreak	1
daylit	1
daytime	1
deaden	1
deadened	1
deadest	1
deadlier	1
deafened	1
dealt	1
deathbed	1
deathbeds	1
deathlike	1
debar	1
debarred	1
debasing	1
debilitated	1
dec	1
decade	1
decadence	1
decamping	1
decanter	1
deceives	1
deceptive	1
deceptively	1
decides	1
deciding	1
decipher	1
decisions	1
declamatory	1
declares	1
declaring	1
declension	1
declining	1
decoration	1
decorums	1
decreasing	1
decreed	1
decrepit	1
decrepitude	1
dedicate	1
dedication	1
deductible	1
deductive	1
deem	1
deepened	1
deepness	1
default	1
defeat	1
defection	1
defenceless	1
defences	1
defended	1
defending	1
defiantly	1
deficiencies	1
defied	1
definable	1
definitely	1
definition	1
defray	1
deftly	1
degenerate	1
degeneration	1
deletions	1
deliberated	1
deliberating	1
delighting	1
delineate	1
deliquesced	1
delivering	1
delivery	1
deluded	1
demanding	1
demean	1
demon	1
demons	1
demonstrate	1
demonstrative	1
demureness	1
denies	1
denominated	1
denote	1
denouement	1
denounce	1
dens	1
denser	1
depicted	1
depicting	1
depose	1
deposes	1
deposited	1
depositing	1
depositors	1
depot	1
deprecate	1
depreciate	1
depressing	1
depression	1
deprives	1
deputation	1
der	1
derange	1
derbies	1
derby	1
deserting	1
deservedly	1
desiccated	1
designedly	1
designing	1
desolating	1
despairingly	1
despicably	1
despises	1
despoil	1
despond	1
dessert	1
destinies	1
desultory	1
detaching	1
detailing	1
deter	1
determines	1
detour	1
detracted	1
detracts	1
detrimental	1
develop	1
develope	1
developing	1
deviating	1
devolved	1
devonshire	1
devotees	1
dewdrops	1
dexterous	1
diabetes	1
diabolical	1
diabolically	1
diadem	1
diagram	1
dialects	1
diamonds	1
dias	1
dickens	1
dictates	1
dictating	1
dictatorial	1
didst	1
differ	1
differentiation	1
differing	1
diffuseness	1
diffusing	1
digesting	1
digressions	1
digs	1
dilapidated	1
dilate	1
dilatoriness	1
diligences	1
diluted	1
dimensioned	1
diminishing	1
dimming	1
dimpled	1
dimples	1
dines	1
dint	1
dip	1
dipping	1
dire	1
dirtier	1
disagree	1
disagreement	1
disagreements	1
disappearing	1
disappears	1
disapprove	1
disarm	1
disasters	1
disastrous	1
disbelief	1
disbelieving	1
discarding	1
discerned	1
discernible	1
discipline	1
disclaimers	1
discloses	1
disclosure	1
discomfort	1
disconnected	1
discontentedness	1
discontinuance	1
discontinue	1
discontinuous	1
discord	1
discordantly	1
discords	1
discourses	1
discoverers	1
discreditable	1
discrepancy	1
discriminate	1
discriminating	1
discussing	1
disdaining	1
disencumbered	1
disentangled	1
disfigured	1
disgorged	1
disgraced	1
disguises	1
disheartened	1
dishonest	1
dishonesty	1
disinterestedness	1
disjecta	1
dislikes	1
disliking	1
dismally	1
dismantled	1
dismissing	1
dismission	1
dismount	1
dismounted	1
disobliging	1
disown	1
disowned	1
dispense	1
dispirited	1
displays	1
displease	1
disposing	1
disproportionately	1
disputable	1
disputatious	1
disputes	1
disqualify	1
disquieted	1
disquisition	1
disquisitions	1
disrespectful	1
dissect	1
dissemble	1
disservice	1
dissipated	1
dissipates	1
dissipation	1
dissoluble	1
dissolute	1
dissolving	1
dissuaded	1
distaff	1
distances	1
distaste	1
distemper	1
distinctive	1
distinctness	1
distractedly	1
distributor	1
districts	1
disturbers	1
disturbing	1
disturbs	1
disunion	1
disused	1
divan	1
dived	1
diversified	1
dividing	1
divinely	1
divinest	1
diving	1
divulged	1
dizziness	1
docketing	1
docks	1
dockyard	1
document	1
doddering	1
dodged	1
dogged	1
dogmatism	1
doleful	1
doll	1
dollars	1
dolls	1
domestics	1
dominions	1
donation	1
donna	1
donors	1
doom	1
dooming	1
doorways	1
dooties	1
dormant	1
dose	1
dot	1
dots	1
dotted	1
dotting	1
dottles	1
doubling	1
doubtingly	1
dowerless	1
downloading	1
downs	1
downstream	1
dozed	1
dozens	1
draggled	1
drained	1
drains	1
drama	1
drance	1
draped	1
draughty	1
drawled	1
dreamt	1
dregs	1
dresden	1
dresses	1
driest	1
drinks	1
drip	1
dripping	1
drivest	1
droning	1
dross	1
droves	1
drowning	1
drying	1
dryly	1
du	1
dual	1
dubious	1
ducks	1
ductility	1
duel	1
duets	1
dug	1
dullest	1
dulness	1
duly	1
dummies	1
dunce	1
dundas	1
dungeons	1
dunstan	1
dupe	1
duped	1
duplicates	1
dustcoat	1
dusted	1
duvillard	1
dwarfed	1
dwarfish	1
dweller	1
dwellings	1
dwindled	1
dwindling	1
dynamite	1
earned	1
earshot	1
earthly	1
eastbourne	1
eats	1
eaves	1
eavesdroppers	1
ebb	1
ebbed	1
ebbing	1
ebony	1
eccentricities	1
eclipses	1
economic	1
economical	1
economically	1
ecstatic	1
ed	1
eddies	1
edgar	1
edifice	1
edmund	1
educate	1
educations	1
edw	1
eels	1
eerie	1
efface	1
effective	1
efficacy	1
effusive	1
eg	1
eggshell	1
eglonitz	1
eglow	1
egregious	1
egria	1
eightpence	1
ein	1
ejected	1
eke	1
eked	1
eking	1
elasticity	1
elbowed	1
elect	1
eleventh	1
eley	1
elicited	1
eligibility	1
eliminated	1
elise	1
elope	1
eloped	1
eloping	1
elses	1
elsie	1
elusive	1
emaciation	1
embankment	1
embargo	1
embark	1
embarked	1
embarks	1
embarrassing	1
embittered	1
embosomed	1
emerald	1
emergence	1
emergencies	1
emigrant	1
emigrated	1
emigration	1
eminence	1
emphatic	1
employee	1
employees	1
employs	1
emptied	1
emptiness	1
emulate	1
emulation	1
en	1
enables	1
enabling	1
encamped	1
enchantment	1
encircled	1
encircling	1
encoding	1
encomiums	1
encountered	1
encroaching	1
encumbrance	1
endangered	1
endeavor	1
endell	1
endlessly	1
endow	1
endowments	1
endurable	1
endurance	1
energetically	1
energies	1
enforced	1
enfranchised	1
engages	1
engineers	1
engines	1
englishmen	1
engross	1
engrosses	1
engrossing	1
enhanced	1
enigmatic	1
enigmatical	1
enkindled	1
enlarged	1
enlarging	1
ennyworth	1
enormously	1
enounced	1
enshrouded	1
ensign	1
ensigncy	1
enslave	1
enslaved	1
ensuring	1
entailing	1
enthralling	1
enthroned	1
enticed	1
enticement	1
enticing	1
entitles	1
entrain	1
entranced	1
entrancingly	1
entrench	1
enumeration	1
enunciation	1
envelop	1
environment	1
envying	1
enwrapped	1
ephemeral	1
episode	1
episodes	1
epithet	1
epithets	1
equality	1
equipage	1
equitable	1
equivalent	1
equivocal	1
era	1
eradicated	1
eradicating	1
erased	1
eroticism	1
erroneously	1
escapade	1
escapes	1
esmond	1
essay	1
establishments	1
estimated	1
estuary	1
eternally	1
etherege	1
etiolated	1
eton	1
eulogy	1
eureka	1
eustace	1
evade	1
evaded	1
eventful	1
eventual	1
evermore	1
everyhow	1
eves	1
evinced	1
evolution	1
evolve	1
evolved	1
exacting	1
exactness	1
exaggerate	1
exalt	1
excavating	1
excelled	1
exceptionable	1
excitable	1
excitedly	1
excites	1
exclamatory	1
exclusively	1
excommunication	1
exculpated	1
excusable	1
execrable	1
execrate	1
execrated	1
execration	1
executes	1
executing	1
executor	1
executors	1
exemplified	1
exemption	1
exhibiting	1
exhibits	1
exhilarated	1
exhilarating	1
exhilaration	1
exigence	1
exigencies	1
existences	1
existent	1
exit	1
exordium	1
exotic	1
expanding	1
expectancies	1
expectancy	1
expectant	1
expects	1
expend	1
expending	1
expenditure	1
experimentalist	1
experiments	1
expire	1
expired	1
expiring	1
explains	1
explanatory	1
explicitly	1
exploit	1
explored	1
explorings	1
explosive	1
explosives	1
exporting	1
expostulate	1
expostulating	1
expostulation	1
expostulations	1
expound	1
extension	1
extensively	1
extents	1
extenuating	1
extinguishes	1
extorted	1
extracting	1
extractions	1
extras	1
extremities	1
extricate	1
exuberance	1
exult	1
exulted	1
exulting	1
eyeglasses	1
eyeing	1
eyelids	1
fa	1
fabrication	1
fabrics	1
facile	1
facilitate	1
facilitated	1
facilities	1
factious	1
factory	1
fad	1
fading	1
fagged	1
fairfax	1
fait	1
falkland	1
falsification	1
famed	1
familiarised	1
famished	1
fancier	1
fanlight	1
fanning	1
farce	1
fareham	1
farmers	1
farms	1
farrington	1
fasten	1
fasteners	1
fastening	1
fastness	1
fated	1
fathomed	1
fathoms	1
fatiguing	1
fatness	1
fatted	1
fattest	1
faultiness	1
faun	1
fearlessness	1
feat	1
feathered	1
feb	1
fecundity	1
feebleness	1
feed	1
feeding	1
feelingly	1
feign	1
feigned	1
felicitations	1
fellowmen	1
fellowship	1
felstein	1
fence	1
fermentation	1
ferns	1
fess	1
festering	1
festival	1
festive	1
fetter	1
fewest	1
fianc	1
fibre	1
fibres	1
fictitious	1
fidget	1
fidgets	1
fidgety	1
fierceness	1
fifteenth	1
fiftieth	1
fig	1
figs	1
figurative	1
figured	1
filberts	1
file	1
filth	1
filthily	1
finances	1
financial	1
finder	1
fined	1
finely	1
fingering	1
fingernail	1
finishes	1
finns	1
firelight	1
firemen	1
firesides	1
firewood	1
fished	1
fishers	1
fisted	1
fitfully	1
fitter	1
fixedly	1
fizzed	1
flag	1
flagrant	1
flagstones	1
flapper	1
flappers	1
flapping	1
flared	1
flashing	1
flattening	1
flaubert	1
flaunting	1
flaxen	1
fleeting	1
flicked	1
flicking	1
flies	1
flint	1
float	1
flocking	1
flogged	1
floors	1
flopping	1
floral	1
florid	1
florins	1
floundering	1
flour	1
floury	1
flows	1
fluctuate	1
fluently	1
flurried	1
flurry	1
flustered	1
focus	1
focused	1
foes	1
foggier	1
fogs	1
foie	1
foil	1
foliated	1
folios	1
football	1
footed	1
footlights	1
footnote	1
footpath	1
footsore	1
foppishness	1
forbade	1
forbearing	1
forbore	1
forceps	1
forcible	1
forearm	1
forearms	1
forecastle	1
forefingers	1
forego	1
foreigner	1
forepaws	1
foreshadow	1
forestalling	1
forests	1
foretaste	1
forfeited	1
forgave	1
forged	1
forger	1
forgets	1
forked	1
forlorn	1
formalities	1
formats	1
forsaken	1
forsakes	1
forsters	1
fort	1
fortifications	1
fortify	1
forts	1
forwarder	1
forwarding	1
fossil	1
fossilised	1
foster	1
fosterage	1
founders	1
fours	1
fourthly	1
fowl	1
foxhounds	1
fractured	1
fragmentary	1
fragrance	1
frailty	1
franchise	1
franco	1
frayed	1
freak	1
freebody	1
freemason	1
freer	1
frementi	1
frenchwoman	1
frequented	1
freshening	1
freshest	1
freshly	1
fretting	1
friars	1
friendlier	1
friendliness	1
frigid	1
frill	1
fringes	1
frisked	1
frisks	1
frogged	1
frogs	1
frontiers	1
frosted	1
frosts	1
frousy	1
frowned	1
frowns	1
froze	1
frugivorous	1
fruiterers	1
fruitlessly	1
ft	1
fulcrum	1
fulfilling	1
fullest	1
fullness	1
fumbling	1
fumes	1
funds	1
funniest	1
furies	1
furnishes	1
furnishing	1
furrow	1
furtherance	1
furtive	1
furtively	1
furze	1
gables	1
gainer	1
gains	1
gainsay	1
gallantly	1
galleries	1
gallons	1
gallop	1
galvanised	1
galvanism	1
gamester	1
gaming	1
gaolers	1
gardens	1
garish	1
garland	1
garlanded	1
garret	1
gash	1
gashed	1
gaslight	1
gasogene	1
gateway	1
gatherings	1
gaunter	1
gayer	1
gayest	1
gazes	1
gazetteer	1
gear	1
generously	1
genevan	1
genevese	1
geniality	1
gentlemanly	1
gentlest	1
gentlewoman	1
genus	1
geometrical	1
germ	1
gesellschaft	1
gesticulated	1
gesticulating	1
gesticulations	1
giants	1
gibbous	1
giddiness	1
gifts	1
gig	1
gigs	1
gilded	1
gills	1
gilt	1
gipsy	1
girdled	1
girlish	1
girt	1
girthed	1
giver	1
glade	1
gladsome	1
glamour	1
glands	1
glazing	1
gleefully	1
glen	1
glens	1
glide	1
gliding	1
glimmers	1
glint	1
glints	1
glistened	1
glittered	1
glories	1
gloriously	1
gloss	1
glued	1
glutted	1
gnashes	1
gnashing	1
gnats	1
gnawing	1
goading	1
goals	1
goblets	1
goblins	1
godfather	1
gods	1
godwin	1
goldwin	1
gong	1
goodly	1
goodwill	1
goodwins	1
goring	1
gossips	1
gothic	1
gottsreich	1
goulding	1
govern	1
governing	1
grabs	1
graciously	1
graciousness	1
grade	1
grades	1
grammar	1
grandmother	1
granting	1
grantley	1
grape	1
grapple	1
grappled	1
grappling	1
gras	1
grated	1
gratis	1
gratuitous	1
graver	1
gravest	1
gravities	1
grazed	1
gre	1
greatcoat	1
grecian	1
grecians	1
greedy	1
greeks	1
greengrocer	1
greenish	1
greenland	1
greetings	1
greyer	1
grice	1
grievance	1
grieving	1
griffins	1
grimaces	1
grime	1
griping	1
gripping	1
grit	1
gritty	1
grocer	1
grog	1
groomed	1
groove	1
grooves	1
grope	1
groped	1
grossest	1
grouping	1
groupings	1
grovel	1
grovelling	1
growling	1
growls	1
grows	1
grudge	1
grumbled	1
guardians	1
guards	1
guessing	1
guile	1
guiltlessness	1
gullet	1
gulp	1
gum	1
gummed	1
gunpowder	1
guns	1
gurgling	1
gushes	1
gustave	1
gusto	1
gusts	1
guttering	1
gutters	1
gyn	1
habitable	1
habitat	1
hack	1
hacked	1
hackneyed	1
hadst	1
hafiz	1
hague	1
hairless	1
hairy	1
halifax	1
halitus	1
halloa	1
halloo	1
halls	1
halo	1
halves	1
ham	1
hamlet	1
hamlets	1
hampden	1
hampered	1
handcuffs	1
handedness	1
handful	1
handing	1
handkerchiefs	1
handled	1
handles	1
hangman	1
hankey	1
hansoms	1
harboured	1
harden	1
harder	1
hardihood	1
hardily	1
harem	1
hark	1
harley	1
harmonium	1
harnessed	1
harringtons	1
harris	1
hart	1
hasp	1
hastings	1
hatched	1
hatchet	1
hatching	1
hatefully	1
hatfield	1
hating	1
hatters	1
haul	1
hauling	1
haunch	1
haves	1
havoc	1
havre	1
haye	1
hayling	1
hazard	1
headgear	1
headings	1
headlines	1
healthful	1
healthfulness	1
healthiest	1
hearer	1
heartedness	1
heartening	1
heartier	1
heartiness	1
heath	1
heather	1
heatless	1
heaviest	1
hebrew	1
hectic	1
heedless	1
heelless	1
heighten	1
hells	1
helmsman	1
helpful	1
hemisphere	1
hercules	1
herds	1
heresy	1
heretical	1
heretofore	1
hermetically	1
hermitage	1
heroical	1
hettie	1
hey	1
hides	1
highness	1
hilariously	1
hillyer	1
hilt	1
hinders	1
hindrances	1
hinting	1
hippopotamus	1
historian	1
historically	1
hjckrrh	1
hm	1
hoar	1
hoard	1
hoarding	1
hoarser	1
hobbies	1
hobby	1
hollowed	1
hollowness	1
holy	1
homage	1
homeless	1
homesteads	1
homme	1
honoria	1
hoop	1
hopelessly	1
horace	1
horn	1
horny	1
horsewoman	1
horticulture	1
hosts	1
housed	1
housemaids	1
housetops	1
hovels	1
hovered	1
hovers	1
howled	1
howlings	1
howsoever	1
hue	1
huffed	1
hull	1
humane	1
humbler	1
humbling	1
humdrum	1
humid	1
hummed	1
humours	1
hundredfold	1
hundredths	1
hungrily	1
hurricane	1
hurries	1
hursts	1
hushing	1
husk	1
hustled	1
hyde	1
hydraulics	1
hydrochloric	1
hypertext	1
hypertrophied	1
hypocrisy	1
hypothesi	1
iced	1
ichthyosaurus	1
icicle	1
icicles	1
idealism	1
ideals	1
identification	1
idiotic	1
idols	1
ignited	1
ignoble	1
ignominious	1
ignorantly	1
ignotum	1
illegal	1
illegally	1
illiberal	1
illuminating	1
illustrated	1
imaged	1
imaginative	1
imagining	1
imbecility	1
imbedded	1
imitating	1
imitations	1
immaculate	1
immaterial	1
immeasurable	1
immeasurably	1
immemorial	1
immensity	1
immersed	1
immoderate	1
immoral	1
immortality	1
imparting	1
impassive	1
impeded	1
impediment	1
impediments	1
impend	1
imperatively	1
imperceptibly	1
imperfection	1
imperfectly	1
imperilled	1
imperious	1
imperishable	1
impersonal	1
imperturbably	1
impervious	1
impetus	1
implacability	1
implements	1
implicated	1
implicates	1
implicating	1
implicitness	1
implores	1
imploring	1
imploringly	1
impolitic	1
importations	1
importers	1
importing	1
importune	1
importuned	1
impossibilities	1
impracticability	1
impracticable	1
imprecate	1
imprecations	1
impressing	1
imprisoned	1
improbabilities	1
improprieties	1
improving	1
improvisations	1
impulsive	1
impulsively	1
impurities	1
impute	1
imputing	1
inaccurate	1
inactive	1
inactivity	1
inapplicable	1
inaudible	1
incandescent	1
incantations	1
incarnate	1
incautiously	1
incense	1
inception	1
incidental	1
incipient	1
incitement	1
incites	1
inciting	1
incognito	1
incommoded	1
incomparable	1
inconsequential	1
inconsiderable	1
inconsiderate	1
inconsistencies	1
inconstancies	1
incorrigible	1
incredibleness	1
incredibly	1
incriminate	1
incur	1
incurable	1
incurred	1
indecent	1
indecorum	1
indefinable	1
indelibly	1
indelicate	1
indemnify	1
indemnity	1
independently	1
indescribable	1
indexing	1
indians	1
indication	1
indicative	1
indicators	1
indicting	1
indifferently	1
indiscreet	1
indiscreetly	1
indiscretion	1
indiscriminately	1
indispensable	1
indispensably	1
indisposition	1
indistinguishable	1
inducements	1
indulgent	1
indulgently	1
industrial	1
industrious	1
industriously	1
ineffable	1
inexperienced	1
inextricable	1
infallible	1
infallibly	1
infantile	1
infantine	1
inference	1
inferiors	1
infidels	1
infinity	1
infirm	1
infirmities	1
inflammable	1
inflexibly	1
influencing	1
infringement	1
infuse	1
infused	1
infusing	1
inglorious	1
inhabitant	1
inhabits	1
inhospitably	1
inhumanity	1
inimitably	1
iniquitous	1
initiative	1
injections	1
injunctions	1
injurer	1
inkling	1
inkstand	1
inmost	1
innocently	1
inns	1
inoffensive	1
inquietude	1
inquisitively	1
inquisitiveness	1
inroads	1
insane	1
insanely	1
insatiate	1
inscribed	1
inscriptions	1
inscrutable	1
insecurity	1
insidious	1
insipidity	1
inspect	1
inspecting	1
inspiration	1
inspires	1
inspiriting	1
instalments	1
instants	1
instep	1
instigate	1
instinctive	1
institutions	1
instruct	1
instructor	1
instructors	1
insufferable	1
insufferably	1
insulting	1
insultingly	1
insuperable	1
insurance	1
insurrection	1
intensest	1
intensified	1
inter	1
intercedes	1
intercepted	1
interchanging	1
interfered	1
interfering	1
interim	1
interjected	1
intermarriage	1
intermittent	1
intermittently	1
intermixed	1
internally	1
international	1
interpolated	1
interpose	1
interposed	1
interpreter	1
interrogations	1
interrogative	1
intersected	1
interstices	1
intertwined	1
intervene	1
intervened	1
intimated	1
intimates	1
intimidate	1
intonation	1
intonations	1
intoxicating	1
intrepidity	1
intricacies	1
intrigues	1
introspect	1
intrusions	1
intuitions	1
intuitive	1
inured	1
inuring	1
invade	1
invader	1
invaders	1
invalid	1
invalidity	1
invasion	1
invectives	1
inventing	1
inventive	1
inversion	1
invest	1
invested	1
investigate	1
investigated	1
investigating	1
investing	1
investment	1
invigorated	1
inviolate	1
invitations	1
invoked	1
involuntary	1
involves	1
inwards	1
iodoform	1
iota	1
ironed	1
ironic	1
ironmongery	1
irradiated	1
irradiation	1
irreclaimable	1
irregularity	1
irreligious	1
irrepressible	1
irresolute	1
irretrievably	1
irreverent	1
irritability	1
irs	1
isaac	1
isis	1
isolated	1
isolation	1
issuing	1
italians	1
items	1
ive	1
jackson	1
jagged	1
jail	1
jamming	1
janites	1
jarring	1
jars	1
jealously	1
jeer	1
jelly	1
jeremiah	1
jerkily	1
jersey	1
jesting	1
jestingly	1
jeweller	1
jewellery	1
jezail	1
jiffy	1
jilt	1
jocular	1
jocund	1
jogged	1
jollification	1
jolted	1
jose	1
joseph	1
jostled	1
jostling	1
journeyed	1
jowl	1
joyfully	1
joyously	1
juanish	1
judgement	1
judicial	1
juggling	1
jumbled	1
jumps	1
juras	1
jurassic	1
juror	1
juryman	1
justifying	1
jutted	1
keel	1
keenness	1
keepsake	1
kempt	1
kenilworth	1
kenned	1
kennel	1
kentucky	1
kerchief	1
keyholes	1
kicking	1
kicks	1
kills	1
kin	1
kindle	1
kindling	1
kindnesses	1
kingdoms	1
kinsman	1
kith	1
knapsack	1
knell	1
knightly	1
knitting	1
kodak	1
kympton	1
labelled	1
laboriously	1
laboured	1
labourer	1
lacie	1
laconic	1
ladders	1
ladylike	1
lain	1
laity	1
lamb	1
lamentation	1
lamenting	1
lamplight	1
langham	1
languishing	1
lanterns	1
laoco	1
lapsed	1
larder	1
lark	1
latch	1
lateral	1
latest	1
laths	1
latin	1
laudable	1
laughs	1
laundresss	1
lausanne	1
lavington	1
lawfully	1
lawgivers	1
lawless	1
layers	1
lays	1
lazy	1
le	1
leaders	1
leafless	1
leakage	1
leaking	1
leal	1
leaps	1
leapt	1
lease	1
leash	1
leathern	1
leaved	1
lebanon	1
lecturing	1
ledge	1
legacy	1
legatee	1
leggings	1
legion	1
leigh	1
leisurely	1
lemon	1
lemur	1
lemurs	1
lengthen	1
lengths	1
lengthy	1
lenient	1
lenses	1
lent	1
lethargy	1
lettuce	1
levelled	1
li	1
liar	1
libraries	1
licensed	1
licentiousness	1
lichenous	1
lichens	1
licked	1
lidded	1
lidless	1
lifelessness	1
lifes	1
lifetimes	1
ligaments	1
lighten	1
lightening	1
lightest	1
lighthearted	1
lightness	1
lightnings	1
lignite	1
lii	1
liii	1
lilies	1
limps	1
linn	1
linoleum	1
lion	1
lipped	1
liquid	1
lissier	1
listed	1
listlessly	1
literatures	1
lithe	1
liv	1
liver	1
liverpool	1
liverworts	1
livings	1
lix	1
lloyd	1
loading	1
loafing	1
loans	1
loath	1
lobby	1
localities	1
locality	1
locations	1
locking	1
locomotive	1
locus	1
loftily	1
logician	1
loiter	1
loitering	1
lolling	1
londoners	1
lonelier	1
lookers	1
lookout	1
looming	1
loosed	1
loosely	1
loosened	1
loosenesses	1
lordship	1
loser	1
losses	1
loth	1
lothman	1
lots	1
loudness	1
louis	1
louisiana	1
lovable	1
lovedst	1
lowering	1
lowing	1
lowliest	1
lowness	1
loyal	1
luckiest	1
luckless	1
lucrative	1
luggage	1
lugged	1
lukewarm	1
lulling	1
lungs	1
lurched	1
lure	1
lured	1
luscious	1
lustiest	1
lustily	1
lusty	1
luxuriances	1
lv	1
lvii	1
lviii	1
lx	1
lycurgus	1
lyon	1
lyons	1
maddened	1
mademoiselle	1
magazines	1
magician	1
magistrates	1
magnet	1
magnifico	1
magpie	1
mahogany	1
maintain	1
majority	1
makers	1
makings	1
malachite	1
maladie	1
malady	1
malay	1
malign	1
mallets	1
mallows	1
manacled	1
manageress	1
mandate	1
manhood	1
mania	1
manifestations	1
manifestly	1
manliness	1
manly	1
mannheim	1
manon	1
mansions	1
manslaughter	1
mantle	1
manufactory	1
manuscript	1
mar	1
marched	1
margins	1
marines	1
marital	1
marketing	1
marm	1
marmalade	1
marries	1
marseilles	1
marshy	1
martyrdom	1
martyrs	1
masked	1
masquerades	1
massacre	1
massacred	1
massacring	1
mastery	1
matched	1
matchless	1
materialism	1
maternity	1
mathematicians	1
matheson	1
mating	1
matrimonial	1
matron	1
mattered	1
maudsley	1
maunders	1
maupassant	1
mauritius	1
mauve	1
maw	1
maxim	1
maximum	1
mayn	1
mayoralty	1
mayors	1
mcfarlane	1
mcquire	1
meadow	1
meandering	1
mechanic	1
mechanically	1
mechanics	1
meddler	1
mediation	1
medicines	1
mediocrity	1
meditative	1
meed	1
meek	1
megatherium	1
meissonier	1
melon	1
melt	1
melting	1
membra	1
memling	1
memoir	1
memoranda	1
memorandum	1
menacing	1
menagerie	1
mendicant	1
mendicants	1
menendez	1
meningen	1
mentor	1
merchantability	1
merchantman	1
merciful	1
mercifully	1
meredith	1
merriest	1
merrily	1
meshes	1
messengers	1
metalwork	1
metaphor	1
metaphysical	1
metaphysics	1
metcalfe	1
mexican	1
michael	1
microcosm	1
microscope	1
midday	1
middlesex	1
mightier	1
mightily	1
milanese	1
militant	1
milkman	1
milky	1
millennium	1
milliners	1
mills	1
mimic	1
mindful	1
minding	1
mineral	1
mineralogy	1
minerals	1
mingle	1
ministered	1
minus	1
minutiae	1
miracles	1
mirrored	1
mirrors	1
misanthropic	1
mischances	1
mischievously	1
misconception	1
misdeed	1
miserly	1
miserys	1
misjudged	1
mislaying	1
mislead	1
misleading	1
misleads	1
mismanagement	1
misrepresentation	1
misses	1
missish	1
mississippi	1
mistaking	1
mistook	1
misunderstanding	1
mite	1
mixing	1
moans	1
models	1
modes	1
modulated	1
moistened	1
molten	1
monarch	1
monarchies	1
monger	1
monium	1
monkey	1
monomania	1
monomaniac	1
monosyllables	1
monotony	1
mons	1
montague	1
montal	1
montana	1
monthly	1
monuments	1
moodily	1
moods	1
moody	1
moonless	1
moonrise	1
moons	1
mopping	1
moralised	1
moralize	1
moralizing	1
morals	1
morrows	1
morsel	1
mortar	1
mortgage	1
mortifications	1
mortifies	1
mortimer	1
mottled	1
moulding	1
mouldy	1
mountaineering	1
mountaineers	1
mountainous	1
mousseline	1
moustached	1
mouthed	1
movable	1
muddle	1
muff	1
muffin	1
muhammad	1
muhammadan	1
mulled	1
multifarious	1
multiplication	1
multiplicity	1
multiplied	1
mummies	1
munich	1
munifi	1
munificent	1
murderers	1
murderess	1
murders	1
murky	1
murmurs	1
mused	1
musgrove	1
musician	1
muslins	1
muster	1
musty	1
mutability	1
mutilated	1
mutually	1
myriad	1
myriads	1
mystic	1
myth	1
naples	1
napping	1
narrations	1
narrower	1
narrowness	1
naturalness	1
naughty	1
nauseatingly	1
nautical	1
naval	1
nearness	1
neater	1
nebuchadnezzar	1
necessaries	1
necessitate	1
necktie	1
nectarines	1
ned	1
needlessly	1
needlework	1
negatived	1
neglectful	1
negligent	1
negligently	1
negotiation	1
negroes	1
negus	1
neighbourhoods	1
nemesis	1
nerved	1
nervousness	1
nets	1
netting	1
nettled	1
nettles	1
network	1
newcomb	1
newer	1
newest	1
newsletter	1
newton	1
niceness	1
nicer	1
nicest	1
niche	1
nicholls	1
nichols	1
nick	1
nightly	1
nil	1
nile	1
ninepins	1
ninety	1
nip	1
nipper	1
nipping	1
nitrate	1
nitrates	1
nods	1
noised	1
noisily	1
noisome	1
nominally	1
nonconformist	1
nonentity	1
nonproprietary	1
noose	1
norfolk	1
normal	1
normans	1
northanger	1
northerly	1
northumberland	1
nosed	1
notably	1
notepaper	1
nothings	1
notifies	1
notorious	1
nots	1
nouement	1
noun	1
nourished	1
nourishes	1
nous	1
nova	1
nucleus	1
nuisance	1
numa	1
nuptial	1
nurtured	1
nut	1
nutshell	1
oakham	1
oaten	1
oaths	1
oatmeal	1
obdurate	1
obedient	1
obelisk	1
obese	1
obeying	1
objectors	1
obligingly	1
obliterate	1
oblong	1
obnoxious	1
obscurely	1
obscuring	1
obsequiousness	1
observable	1
observances	1
obsolete	1
obsoletenesses	1
occidental	1
occipital	1
occurring	1
occurs	1
oct	1
octagonal	1
octavo	1
oddest	1
oddities	1
oddity	1
oddness	1
odessa	1
odours	1
offal	1
offals	1
offhand	1
officially	1
officials	1
officiousness	1
oge	1
ognor	1
oiled	1
ointment	1
omne	1
oneself	1
onset	1
onslaught	1
ontological	1
ontology	1
onwards	1
oolitic	1
opal	1
opera	1
operate	1
operated	1
operatic	1
operating	1
oppresses	1
opprobrium	1
optics	1
orbs	1
orchestra	1
ordained	1
orderly	1
ordination	1
ordnance	1
organ	1
organisations	1
organised	1
organism	1
organization	1
organized	1
organs	1
orgies	1
orientalists	1
originality	1
originate	1
originator	1
orkney	1
orkneys	1
ornamental	1
orphanage	1
orson	1
oscillated	1
oscillates	1
oscillation	1
ostensibly	1
ostentation	1
ostentatious	1
ostrich	1
outbreak	1
outbursts	1
outcry	1
outdated	1
outdone	1
outdoor	1
outflanked	1
outlet	1
outlived	1
outpouring	1
outrage	1
outraged	1
outrun	1
outsides	1
outspoken	1
outstrip	1
outstripped	1
outstript	1
outwardly	1
outweigh	1
overcast	1
overcrowded	1
overdid	1
overdone	1
overflow	1
overflowings	1
overflows	1
overhanging	1
overhauled	1
overhearing	1
overhearings	1
overlooking	1
overlooks	1
overpower	1
overrated	1
overrun	1
overseen	1
overshadowed	1
oversight	1
overspreading	1
overstrung	1
overtaking	1
overtaxed	1
overthrowing	1
overtopped	1
overtures	1
overweigh	1
overwhelmingly	1
overwork	1
owest	1
owners	1
owning	1
oxfordshire	1
package	1
packing	1
padding	1
paddling	1
padlocked	1
padlocks	1
pageant	1
pagoda	1
paining	1
painstaking	1
painters	1
paintings	1
pairs	1
palatable	1
paleness	1
paler	1
pallet	1
palliation	1
palmer	1
palpitate	1
pals	1
pampered	1
pancras	1
pand	1
pane	1
panelled	1
panoply	1
paperwork	1
papier	1
parading	1
paradisiacal	1
paradol	1
paradoxical	1
paraffin	1
paralyse	1
parcel	1
pardoned	1
pardoning	1
parietal	1
parishioners	1
parks	1
parlance	1
parley	1
parlours	1
parody	1
paroxysm	1
paroxysms	1
participated	1
participation	1
particles	1
partie	1
partisans	1
partridges	1
passenger	1
passionless	1
passive	1
passports	1
paste	1
pastrycooks	1
pasture	1
pasty	1
patch	1
patched	1
patentee	1
patents	1
patersons	1
pathless	1
pathways	1
patriarchal	1
patriot	1
patriotic	1
pauls	1
pauper	1
paved	1
pawnbrokers	1
peaceable	1
peaceably	1
peach	1
peaches	1
peal	1
peals	1
pearl	1
pearly	1
peck	1
peculiarity	1
pedantic	1
pedantry	1
pedestrians	1
peel	1
peeling	1
peered	1
peeress	1
pegs	1
pelt	1
pelting	1
penal	1
penalty	1
pending	1
pendulous	1
penitence	1
penitent	1
penniless	1
pennsylvania	1
pennyworth	1
pensioners	1
pent	1
pentland	1
pentonville	1
peopled	1
peptone	1
perambulations	1
perceptibly	1
perception	1
perceptions	1
percy	1
perdition	1
perfected	1
perfectionate	1
performances	1
performers	1
perilous	1
periodic	1
periodically	1
permits	1
perpendicularity	1
perpendicularly	1
perpetrate	1
perpetrators	1
perplexing	1
persecution	1
persevere	1
perseveringly	1
persistent	1
persisting	1
persists	1
personage	1
personate	1
perspective	1
perspiration	1
perspired	1
persuades	1
persuasive	1
pertinacity	1
pertness	1
pertoire	1
peru	1
perused	1
perusing	1
pervaded	1
perverse	1
perversion	1
perversity	1
pest	1
pestered	1
pestering	1
petals	1
petered	1
peters	1
petersfield	1
petition	1
petitioned	1
petrarch	1
petrification	1
pets	1
pettiness	1
pg	1
pglaf	1
phantasm	1
pharaohs	1
phases	1
pheasant	1
philanthropist	1
philistinism	1
philosophic	1
photographs	1
phraseology	1
physically	1
physicians	1
physiology	1
piano	1
pigments	1
pikestaff	1
piles	1
pillaged	1
pillowed	1
pilot	1
pimple	1
pinioned	1
pinnacle	1
pinned	1
pioneer	1
piquant	1
piqued	1
piquet	1
pirates	1
piston	1
pitched	1
pitchy	1
piteously	1
pits	1
plaid	1
plaintive	1
plaintively	1
plaister	1
plane	1
planets	1
plank	1
planked	1
planking	1
plannings	1
plant	1
plantagenet	1
planted	1
planter	1
platitudes	1
plato	1
platter	1
plausibility	1
player	1
playfellow	1
playfellows	1
playwright	1
pleading	1
plentys	1
plesiosaurus	1
pliancy	1
plied	1
plight	1
plough	1
plover	1
plug	1
plugs	1
plum	1
plume	1
plumped	1
plumping	1
plums	1
plunder	1
plunging	1
pocketed	1
poem	1
poems	1
poet	1
poetic	1
poignantly	1
pointedly	1
poisoner	1
poisoning	1
poisonous	1
poked	1
pokers	1
politic	1
politicians	1
pollutes	1
pollution	1
polynesian	1
pommel	1
pomposity	1
pondered	1
pondering	1
pools	1
poorer	1
pop	1
poplar	1
popularity	1
pore	1
pork	1
porridge	1
portals	1
portend	1
portions	1
portmanteau	1
portsdown	1
poses	1
postal	1
postboy	1
posterior	1
postilions	1
postmarks	1
posts	1
posture	1
potato	1
potent	1
potentialities	1
potter	1
pours	1
powder	1
powdered	1
powdering	1
powdery	1
powerless	1
practicable	1
practise	1
practised	1
practising	1
prague	1
prayers	1
preach	1
preceptors	1
precessional	1
precipitated	1
precipitation	1
precluding	1
precocious	1
precursor	1
predecessor	1
predicament	1
predict	1
predilection	1
predominance	1
predominate	1
predominated	1
predominates	1
prefaced	1
preferring	1
prefers	1
prelude	1
premature	1
prematurely	1
premeditated	1
premeditation	1
prentice	1
prentices	1
preoccupation	1
preparatory	1
prepossess	1
prescribed	1
preserves	1
preserving	1
presided	1
presses	1
pressingly	1
presumed	1
pretends	1
preternaturally	1
pretext	1
pretexts	1
prettiest	1
prettyish	1
preventive	1
prick	1
prided	1
prig	1
prima	1
primacy	1
prince	1
prints	1
pritchard	1
privacy	1
pro	1
probing	1
probity	1
processing	1
processions	1
procrastinate	1
produces	1
productive	1
profane	1
profess	1
professes	1
professing	1
professionally	1
proffering	1
profile	1
profligacy	1
profligate	1
profundity	1
profuse	1
profusion	1
progeny	1
prognosticate	1
prognosticated	1
programme	1
progressively	1
prohibited	1
prohibition	1
projectors	1
prolonging	1
prometheus	1
prominence	1
promoted	1
promptly	1
pronouns	1
pronunciation	1
proofread	1
proosia	1
propagated	1
propagation	1
propensities	1
properties	1
prophecy	1
prophesied	1
prophets	1
propitious	1
proportionately	1
proportioned	1
propositions	1
propound	1
prose	1
prosecute	1
prosecuted	1
prospecting	1
prosper	1
prostrate	1
protecting	1
protector	1
protectress	1
protestation	1
protestations	1
protracted	1
protraction	1
proudest	1
proverb	1
providence	1
provinces	1
provocation	1
provocations	1
provokingly	1
proxy	1
prudential	1
prudently	1
prussian	1
prying	1
psychologically	1
psychology	1
publish	1
published	1
puckered	1
puddles	1
puffs	1
pulp	1
pulpit	1
pulpy	1
pulsated	1
pulses	1
pump	1
pumping	1
pun	1
punching	1
punctures	1
pungent	1
punished	1
punitive	1
puny	1
pupil	1
puppets	1
purity	1
purloined	1
purposeless	1
pursuers	1
pursues	1
purveyor	1
purvis	1
puss	1
putrefaction	1
puts	1
quack	1
quaint	1
quaintly	1
quake	1
qualm	1
quarrelsome	1
quartering	1
quartern	1
quavering	1
queerest	1
quelling	1
quench	1
querulous	1
questionings	1
quickening	1
quieter	1
quincey	1
quinsy	1
quintessential	1
quoted	1
quotes	1
rabbi	1
racked	1
raged	1
raging	1
ragout	1
railed	1
railings	1
rails	1
railways	1
rained	1
rainy	1
raises	1
raisins	1
rake	1
raked	1
ram	1
ramblings	1
ramifications	1
rampant	1
ramparts	1
random	1
ranged	1
ranging	1
ranked	1
rankle	1
rankling	1
rant	1
rapacity	1
rapt	1
rarefied	1
rascal	1
rascality	1
rascally	1
rashers	1
raspberry	1
rated	1
ravenous	1
ravens	1
ravines	1
ravish	1
ravished	1
raw	1
rawness	1
reabsorbed	1
reacquainted	1
readier	1
readjustments	1
realistic	1
realized	1
reaped	1
reappear	1
reappearance	1
reared	1
rearranged	1
reasonableness	1
rebellious	1
rebounding	1
recapitulation	1
receipts	1
receiver	1
receives	1
receptacle	1
reckon	1
reclaim	1
reclamation	1
recognized	1
recognizing	1
recoil	1
recommenced	1
recommencing	1
recommendations	1
recompensed	1
recompensing	1
reconciling	1
recondite	1
reconsider	1
reconsidering	1
reconstruction	1
recreation	1
rectify	1
rectitude	1
rectory	1
recumbent	1
recur	1
recurrence	1
reddening	1
redder	1
redistribute	1
reed	1
reeked	1
refer	1
referring	1
refinements	1
reflects	1
refreshingly	1
refreshments	1
refusals	1
refute	1
regale	1
regency	1
registers	1
registry	1
regulating	1
regulation	1
regulations	1
regurgitation	1
rehearsal	1
reign	1
reigned	1
reinforced	1
reiterating	1
rejoices	1
rejoin	1
relapsed	1
relapses	1
relapsing	1
relationships	1
relatively	1
relenting	1
relents	1
relevant	1
reliability	1
relic	1
relight	1
religions	1
relinquishing	1
relish	1
relished	1
reluctance	1
reluctantly	1
remade	1
remanded	1
remedied	1
remembrancers	1
remissness	1
remnant	1
remnants	1
remonstrated	1
remorseless	1
remoter	1
remotest	1
removes	1
remunerative	1
renamed	1
rendezvous	1
rends	1
renounce	1
renovating	1
renowned	1
reopened	1
reopening	1
reparation	1
repartee	1
repast	1
repeater	1
repeats	1
repel	1
repentant	1
repined	1
repinings	1
replenish	1
replenished	1
replenishing	1
repleted	1
replies	1
reporter	1
representative	1
repressing	1
reproachfully	1
reprobated	1
reproduce	1
reptile	1
reptilian	1
republic	1
republics	1
repulses	1
repulsion	1
reputations	1
requester	1
requests	1
requirement	1
reread	1
rescued	1
resentments	1
resents	1
residents	1
resides	1
residuary	1
resigning	1
resisting	1
resorted	1
resorting	1
resorts	1
resounding	1
respective	1
respond	1
responses	1
responsibility	1
restaurant	1
restaurants	1
restive	1
restorative	1
restoring	1
restricted	1
resulted	1
resuming	1
retail	1
retaliate	1
retard	1
retarded	1
retards	1
retentive	1
retina	1
retreats	1
retrenched	1
retribution	1
retrod	1
retrospect	1
retrospections	1
retrospective	1
reuss	1
revel	1
revelled	1
revenging	1
revenue	1
reverberated	1
reverential	1
reversing	1
reverting	1
revised	1
revision	1
revival	1
revoke	1
revolted	1
rhinoceros	1
ribbed	1
richard	1
riches	1
richmond	1
rickety	1
riddle	1
ridiculing	1
ridiculously	1
rien	1
rifle	1
rifles	1
rift	1
rightful	1
righthand	1
rigorous	1
rill	1
rime	1
rimmed	1
riot	1
ripen	1
riper	1
ripped	1
ripple	1
riser	1
risers	1
rites	1
rivals	1
riveted	1
roadway	1
roaming	1
robbed	1
robber	1
rocked	1
rockies	1
roger	1
role	1
roller	1
roman	1
romance	1
romans	1
romper	1
romulus	1
roncesvalles	1
roofed	1
roomed	1
root	1
ropes	1
rosebery	1
rosy	1
rotted	1
rotting	1
rotundity	1
rougher	1
rounded	1
rounds	1
rouses	1
roved	1
rub	1
ruby	1
rueful	1
ruffian	1
ruffians	1
ruffled	1
ruggedness	1
ruining	1
rumble	1
rumour	1
rural	1
ruse	1
rushes	1
rushworth	1
russell	1
rusting	1
rustle	1
rustled	1
rustlings	1
ruthlessly	1
sacrificing	1
saddles	1
safeguard	1
safes	1
safest	1
sailor	1
salad	1
sale	1
saline	1
salmon	1
saltpetre	1
salubrious	1
salutations	1
salvation	1
sameness	1
sanction	1
sandbank	1
sandwich	1
sandy	1
sanitary	1
sanitation	1
sanskrit	1
sar	1
sarah	1
sarasate	1
sarcastic	1
sardonic	1
sash	1
satiate	1
satirical	1
satisfactions	1
satisfactorily	1
saturated	1
saturdays	1
saucepans	1
saucy	1
saurians	1
savagery	1
savages	1
saves	1
savour	1
savours	1
savoury	1
savoy	1
sawn	1
saxon	1
scabbard	1
scala	1
scaly	1
scampering	1
scandals	1
scant	1
scapegoat	1
scarborough	1
scarcity	1
scaring	1
scarred	1
scars	1
scatter	1
sceptic	1
scepticism	1
schemer	1
schiavi	1
scholars	1
schoolboy	1
schoolboys	1
schoolfellow	1
schoolroom	1
sciences	1
scientist	1
scion	1
scold	1
sconces	1
scorned	1
scornful	1
scorning	1
scotia	1
scourge	1
scowling	1
scraggy	1
scrambling	1
scratched	1
scratches	1
scrawl	1
screams	1
screened	1
screens	1
screw	1
scribble	1
scribbled	1
scriptures	1
scro	1
scrub	1
scrutinise	1
scrutiny	1
scummed	1
scuttle	1
seafaring	1
sealing	1
seaman	1
seamed	1
seamen	1
seaography	1
seaports	1
seashore	1
seaside	1
seating	1
secheron	1
seconded	1
seconding	1
secreted	1
secreting	1
secretive	1
sect	1
securely	1
sedate	1
sedateness	1
sedentary	1
seduction	1
sedulous	1
seedless	1
seeds	1
seething	1
seizure	1
selection	1
selections	1
selective	1
seller	1
selves	1
semi	1
semicircle	1
seminaries	1
senders	1
senility	1
seniority	1
sensibilities	1
sentenced	1
sentimental	1
separately	1
separates	1
separating	1
sepia	1
sept	1
sepulchre	1
sepulchres	1
sepulture	1
seriousness	1
servility	1
servitude	1
settee	1
setter	1
settlements	1
seventies	1
severally	1
severed	1
severest	1
severn	1
sewn	1
sextons	1
shabbily	1
shading	1
shadowing	1
shafted	1
shaggy	1
shakily	1
shamefaced	1
shameless	1
shant	1
shapely	1
sharer	1
sharers	1
shark	1
sharks	1
sharper	1
sharpest	1
sharpness	1
sheath	1
sheba	1
shedding	1
sheds	1
sheen	1
shell	1
shelley	1
shells	1
shelters	1
shield	1
shifted	1
shimmering	1
shin	1
shingle	1
ships	1
shipwreck	1
shirk	1
shirks	1
shoal	1
sholto	1
sholtos	1
shoots	1
shopboy	1
shopkeepers	1
shortcomings	1
shorten	1
shortened	1
shortest	1
shortness	1
shots	1
shouldnt	1
shovelling	1
shoves	1
shoving	1
showering	1
showers	1
shrank	1
shrewdly	1
shrewish	1
shrilly	1
shrine	1
shrubby	1
shrubs	1
shuffling	1
shufflings	1
shun	1
sicken	1
sidelights	1
sidelong	1
siege	1
sighted	1
sightless	1
sigismond	1
signalled	1
signet	1
signifies	1
signing	1
silenced	1
silhouetted	1
silky	1
silliest	1
silvered	1
silvery	1
simile	1
simmer	1
simpered	1
simpers	1
simplifies	1
simplify	1
sincerest	1
sinewy	1
singer	1
singling	1
singularity	1
sinner	1
sirius	1
siroc	1
site	1
sixteenth	1
sizes	1
skater	1
sketched	1
skimmed	1
skimming	1
skims	1
skipping	1
skirmishes	1
skirted	1
skirting	1
skreeks	1
skurried	1
slab	1
slacken	1
slain	1
slake	1
slaked	1
slander	1
slanting	1
slapped	1
slashed	1
slavey	1
sledges	1
sleepily	1
sleepiness	1
sleet	1
sleight	1
slender	1
slenderly	1
sleuth	1
slice	1
slighter	1
slightingly	1
slightness	1
slily	1
slink	1
slipper	1
slips	1
slipshod	1
slits	1
slitting	1
slop	1
sloped	1
sloth	1
slothful	1
slough	1
slovenly	1
slowed	1
slowest	1
slowing	1
slowness	1
sluggard	1
sluggishly	1
slumber	1
slumbering	1
slumbers	1
slums	1
slung	1
slunk	1
slurred	1
slurring	1
slut	1
smarter	1
smartest	1
smash	1
smasher	1
smear	1
smirks	1
smith	1
smitten	1
smokeless	1
smollett	1
smoothing	1
smoothly	1
smoothness	1
smothering	1
smoulder	1
smudge	1
snakish	1
snapping	1
snappishly	1
snarling	1
sneering	1
sneezed	1
sniffed	1
snigger	1
snore	1
snoring	1
snorting	1
snout	1
snowball	1
snowing	1
snuffbox	1
snuffed	1
soaked	1
soar	1
sobered	1
socket	1
sod	1
sofas	1
softening	1
softer	1
soie	1
soiled	1
solace	1
solaced	1
solder	1
soled	1
solemnised	1
solemnising	1
solicitor	1
solitudes	1
solon	1
sonnet	1
soothingly	1
sooty	1
sophisms	1
sophy	1
sordid	1
sorrowing	1
sots	1
sottish	1
soundly	1
southerton	1
southward	1
southwesterly	1
souvenir	1
sovereigns	1
sow	1
spade	1
spades	1
span	1
sparkles	1
sparkling	1
sparrow	1
sparrows	1
spars	1
spasms	1
spattered	1
speakers	1
specialisation	1
speciously	1
speck	1
specked	1
speckles	1
specks	1
speculating	1
speediest	1
speeding	1
spices	1
spikes	1
spill	1
spine	1
spinster	1
spire	1
spires	1
spleen	1
splinter	1
splintered	1
splutter	1
spoiler	1
spoils	1
spokesman	1
sponged	1
spongy	1
spontaneous	1
spoons	1
sporadic	1
sportive	1
sportiveness	1
sportsmen	1
spouting	1
sprained	1
sprawling	1
spray	1
spreads	1
sprig	1
sprigs	1
sprinkle	1
sprinkled	1
sprinkling	1
sprinklings	1
spurred	1
sputtered	1
squander	1
squatted	1
squeak	1
squeaked	1
squeamish	1
squeezing	1
squire	1
stab	1
stabbed	1
stability	1
staccato	1
stag	1
stagecoach	1
staggering	1
staining	1
staircases	1
stalk	1
stanching	1
standi	1
standpoint	1
stanzas	1
staple	1
staples	1
stares	1
starless	1
starlike	1
starry	1
stateliness	1
stationary	1
statue	1
statues	1
steadfast	1
steadings	1
stealth	1
steamboats	1
steamed	1
steamer	1
steaming	1
steatite	1
steely	1
steeped	1
steered	1
stepmother	1
stern	1
sterner	1
stethoscope	1
stevedore	1
stevenson	1
stiffened	1
stiffly	1
stigand	1
stigma	1
stiles	1
stiltedly	1
stimulant	1
stimulated	1
stimulus	1
stinging	1
stings	1
stirs	1
stocked	1
stolid	1
stops	1
stores	1
storing	1
storms	1
stormy	1
straightening	1
strained	1
straining	1
strait	1
strand	1
stratagems	1
stratification	1
straws	1
strayed	1
streaked	1
streamer	1
strictures	1
striding	1
strikingly	1
strip	1
stripes	1
stripped	1
stronghold	1
stroud	1
strutted	1
stubbornness	1
students	1
studier	1
studious	1
studs	1
stuffing	1
stuffs	1
stumble	1
stumbled	1
stumps	1
stung	1
stunned	1
stupefying	1
stupider	1
stupidest	1
stupidly	1
stupor	1
sturdily	1
subdivisions	1
subdue	1
subjected	1
subjection	1
subjoin	1
subjugation	1
submission	1
submissively	1
subscribe	1
subscribed	1
subsequently	1
subsistence	1
substances	1
substituted	1
substitution	1
subtly	1
suburb	1
suburbs	1
subways	1
succeeds	1
successes	1
successively	1
succinct	1
succulent	1
sucking	1
suddenness	1
suet	1
sufferance	1
suffice	1
sufficed	1
suffrages	1
suggesting	1
suggestions	1
suggestiveness	1
suggests	1
suiting	1
suitor	1
sulking	1
sultans	1
summarily	1
summarise	1
summers	1
summon	1
summonses	1
sunbeam	1
sunburnt	1
sundials	1
sung	1
sunken	1
sunniest	1
sunny	1
sunsetting	1
super	1
superb	1
supercilious	1
superciliousness	1
superhuman	1
superintended	1
superintendence	1
superintends	1
superiors	1
superlatively	1
superscribed	1
superseded	1
superstition	1
supplementing	1
suppliant	1
supplier	1
suppliers	1
supplying	1
supporters	1
supporting	1
suppositions	1
sureness	1
surer	1
surgings	1
surly	1
surmises	1
surmounting	1
surpass	1
surpassed	1
surpliced	1
surrender	1
surroundings	1
surrounds	1
survivals	1
susceptibility	1
suspects	1
suspend	1
sussex	1
sustaining	1
swag	1
swallowing	1
swarthy	1
swash	1
sway	1
sweetened	1
sweetly	1
swells	1
swifter	1
swiftian	1
swindon	1
swish	1
switchback	1
swoon	1
swoop	1
swordsman	1
sympathize	1
syndic	1
syndics	1
synonymous	1
synonymously	1
synthesis	1
systematic	1
tableful	1
tacit	1
tacitly	1
taciturn	1
tack	1
tags	1
tailed	1
tailing	1
tailless	1
tailor	1
tailpiece	1
tainted	1
taketh	1
tallied	1
tallish	1
tamer	1
tampering	1
tankerville	1
tanned	1
tapers	1
tardily	1
tarnish	1
tart	1
tartary	1
tartness	1
tassel	1
tattoo	1
tattooed	1
taunt	1
tavern	1
tavernier	1
tawny	1
taxes	1
tay	1
teacher	1
teachers	1
teapot	1
tearful	1
teases	1
teaspoons	1
teetotaler	1
teller	1
temerity	1
temperament	1
tempers	1
tenable	1
tenacious	1
tends	1
tenement	1
tenets	1
tennessee	1
tenour	1
tens	1
tense	1
tent	1
tentative	1
termed	1
terminate	1
terrace	1
terraced	1
terrier	1
terrifically	1
terrorising	1
terse	1
tertiary	1
tested	1
testify	1
testifying	1
testimonies	1
tethered	1
texas	1
texts	1
thankfully	1
thatch	1
thatched	1
thaw	1
theatre	1
theatres	1
theatrical	1
theft	1
theme	1
themes	1
theological	1
theoretical	1
theorise	1
theorising	1
thermometer	1
theseus	1
theyd	1
theyre	1
theyve	1
thickening	1
thicket	1
thickets	1
thinness	1
thirds	1
thirsting	1
thirsty	1
thonon	1
thoreau	1
thoroughfares	1
thorpe	1
thoughtlessly	1
thousandth	1
threaded	1
threadlike	1
thresholds	1
thrilled	1
thrilling	1
thrills	1
throbbed	1
throbbing	1
throbbings	1
thumped	1
thunderclap	1
thundering	1
thunders	1
thwarted	1
thyself	1
tiara	1
ticket	1
ticking	1
tickled	1
tickling	1
tidal	1
tier	1
tights	1
tilbury	1
tile	1
tiled	1
tiles	1
tillie	1
tilney	1
tilted	1
timbered	1
timed	1
timepiece	1
timorous	1
tims	1
tinge	1
tingle	1
tiniest	1
tinker	1
tinkling	1
tintern	1
tip	1
tipped	1
tires	1
tiring	1
tissue	1
tithes	1
tittered	1
tobacconist	1
toffee	1
toiled	1
toiler	1
toilsome	1
tokens	1
tolerance	1
tolerated	1
tolled	1
tollers	1
tolls	1
tomboy	1
tombs	1
tomfoolery	1
toned	1
tonnage	1
tons	1
tool	1
toothpick	1
topics	1
topped	1
torches	1
tormentor	1
torturer	1
torturing	1
tottering	1
touches	1
tough	1
tougher	1
towels	1
towering	1
tractable	1
trader	1
trades	1
tradespeople	1
traditional	1
trafalgar	1
tragic	1
trail	1
trailed	1
trailing	1
traitor	1
trammels	1
tramp	1
tramped	1
tramps	1
trance	1
tranquillise	1
tranquillised	1
transacted	1
transcendent	1
transcribe	1
transcription	1
transfer	1
transform	1
transformed	1
transformer	1
transient	1
transit	1
translucent	1
transmuted	1
trapped	1
traps	1
trash	1
traversing	1
tre	1
treacherous	1
treadmill	1
treasured	1
treatises	1
tremblings	1
tremendously	1
tremor	1
trepidation	1
trepoff	1
trespasser	1
triangular	1
triassic	1
tribe	1
tricky	1
tries	1
trigger	1
trimly	1
trims	1
trincomalee	1
trip	1
tripped	1
trite	1
triumphing	1
triumphs	1
trod	1
troop	1
trooped	1
troopers	1
tropical	1
tropics	1
trot	1
trove	1
truce	1
truncated	1
trusts	1
truthful	1
tube	1
tubes	1
tudor	1
tugging	1
tulip	1
tumbler	1
tumblers	1
tumultuously	1
tumulus	1
tuned	1
tunnelled	1
tunnellings	1
turbulence	1
tureen	1
turfed	1
turks	1
turmoil	1
turnings	1
turnpike	1
turnpikes	1
tutored	1
twig	1
twine	1
twisting	1
twitch	1
twitching	1
twitter	1
tying	1
types	1
typewrite	1
typewritist	1
tyrannical	1
tyranny	1
tyrant	1
tyrants	1
tyros	1
ubiquitous	1
uffa	1
uglify	1
uglifying	1
ulsters	1
ultra	1
unabashed	1
unacknowledged	1
unadept	1
unaided	1
unalloyed	1
unamiable	1
unanimity	1
unanimously	1
unanswerable	1
unappeasable	1
unapproachable	1
unasked	1
unassailed	1
unattended	1
unavenged	1
unaware	1
unbecoming	1
unbelief	1
unblemished	1
unborrow	1
unbreakable	1
unbridled	1
unburned	1
unbuttoned	1
uncanny	1
uncared	1
uncarpeted	1
unceasing	1
uncertainly	1
uncertainty	1
unchained	1
unchanged	1
unclasping	1
unclaspings	1
uncompanionable	1
uncompromising	1
uncongenial	1
unconstrained	1
uncontrollably	1
uncontrolled	1
uncorked	1
uncourteous	1
uncurtained	1
uncut	1
undated	1
undeceiving	1
undecided	1
undecorated	1
underdone	1
undergoing	1
undergrounders	1
undermine	1
undertaken	1
undertaker	1
undertakers	1
undervalued	1
undervaluing	1
underwood	1
undeserved	1
undetermined	1
undid	1
undigested	1
undiminished	1
undivided	1
undone	1
undressing	1
undue	1
undulations	1
undutiful	1
uneducated	1
unendurable	1
unenforceability	1
unequalled	1
unequally	1
unerring	1
unexceptionable	1
unfailing	1
unfailingly	1
unfashioned	1
unfastened	1
unfathomable	1
unfavourably	1
unfeigned	1
unfenced	1
unfettered	1
unfitness	1
unfitted	1
unforced	1
unformed	1
unfrequently	1
unfrozen	1
ungazed	1
ungenerously	1
unglazed	1
ungraciousness	1
ungratitude	1
unhealthy	1
unheeded	1
unheeding	1
unhesitatingly	1
unhinged	1
uniformity	1
uninterested	1
uninteresting	1
uninterrupted	1
unison	1
uniting	1
universe	1
universities	1
unkempt	1
unkind	1
unknowingly	1
unlawful	1
unlikelier	1
unlimited	1
unlink	1
unmarked	1
unmarried	1
unmeaning	1
unmelted	1
unmolested	1
unnaturally	1
unnecessarily	1
unnoticed	1
unobservant	1
unobserved	1
unobserving	1
unofficial	1
unopened	1
unostentatious	1
unpack	1
unpacked	1
unpapered	1
unplastered	1
unpleasantly	1
unpleasantness	1
unpleasing	1
unpolished	1
unpractised	1
unprecedented	1
unprepared	1
unpretending	1
unprincipled	1
unquenched	1
unquiet	1
unravelled	1
unravelling	1
unregenerate	1
unrelaxed	1
unremitted	1
unrepaired	1
unreserve	1
unreservedly	1
unsatisfactory	1
unsatisfying	1
unscrewed	1
unseat	1
unseemly	1
unshackled	1
unshaken	1
unsoftened	1
unsolicited	1
unstained	1
unstudied	1
unsubdued	1
unsuccessfully	1
unsullied	1
unsupported	1
unsuspected	1
unsuspicious	1
unsympathetic	1
unsympathised	1
unsystematic	1
untaught	1
unthinkable	1
untidy	1
untinctured	1
untitled	1
untouched	1
untravelled	1
untrodden	1
untrue	1
untwist	1
unutterable	1
unvarying	1
unveiled	1
unvisited	1
unwatched	1
unwearied	1
unwearying	1
unwept	1
unwise	1
unworthily	1
unworthiness	1
unwound	1
upbraiding	1
upheld	1
upraised	1
uproarious	1
uprush	1
upsetting	1
upstart	1
ur	1
urchin	1
urgency	1
urgently	1
urging	1
uri	1
uselessly	1
ushering	1
usurpation	1
ut	1
utf	1
utilised	1
utopian	1
utopias	1
utterances	1
uvring	1
vacantly	1
vacillating	1
vagabonds	1
vagrants	1
vagueness	1
vaguest	1
valais	1
vale	1
valentine	1
vales	1
valet	1
valise	1
valleys	1
valueless	1
values	1
vampire	1
van	1
vanishes	1
vanquished	1
variance	1
variations	1
vases	1
vaud	1
vaults	1
vegetarian	1
vegetarians	1
vegetations	1
vehement	1
vein	1
venison	1
venner	1
venom	1
venomous	1
ventilate	1
ventilators	1
ventures	1
venus	1
verb	1
vere	1
veriest	1
verily	1
verior	1
vernon	1
verrons	1
versatility	1
version	1
vertically	1
vestas	1
vestry	1
vexing	1
viands	1
vibrated	1
vibrations	1
vicar	1
victorious	1
vigilance	1
villainous	1
vineyards	1
vingt	1
violated	1
violates	1
viraginous	1
virus	1
visibly	1
visitation	1
visitings	1
vista	1
vitality	1
vitriol	1
vizard	1
vogue	1
voiceless	1
voil	1
volatile	1
volatility	1
volcanic	1
volcano	1
volley	1
volney	1
volubility	1
voraciously	1
voters	1
votes	1
vouching	1
vouchsafed	1
vulnerable	1
vulture	1
wadding	1
waddling	1
waded	1
wading	1
wager	1
waggish	1
waggled	1
waggons	1
wagon	1
wagons	1
wags	1
wail	1
wailings	1
waistcoats	1
waived	1
wakefield	1
walled	1
wallenstein	1
wallet	1
wallowed	1
walrus	1
walsall	1
walsingham	1
walt	1
wand	1
wandsworth	1
waning	1
wanton	1
wantonness	1
warbling	1
warburton	1
wares	1
warming	1
warnt	1
warped	1
warranted	1
warren	1
warring	1
wars	1
warwick	1
washed	1
wasteful	1
waterfalls	1
watering	1
waterless	1
wavered	1
waxed	1
waxen	1
waxy	1
wayward	1
weakening	1
weakest	1
weakly	1
wean	1
wearer	1
weariness	1
wearying	1
weathercock	1
weave	1
weaver	1
webbs	1
wed	1
wedged	1
wedlock	1
wee	1
weedless	1
weedy	1
weeps	1
weighing	1
weighs	1
weights	1
weighty	1
welcoming	1
wellington	1
welsh	1
weltering	1
weren	1
westbury	1
westerham	1
westphail	1
whaler	1
wheal	1
wheeled	1
wheezing	1
whereat	1
wherein	1
wheres	1
wheresoever	1
whereupon	1
wherewith	1
whiled	1
whiles	1
whimper	1
whined	1
whips	1
whirl	1
whirlwind	1
whishing	1
whiskered	1
whitechapel	1
whiten	1
whitened	1
whiteness	1
whitening	1
whiter	1
whitman	1
whittington	1
whomsoever	1
whoso	1
wickedest	1
wickedly	1
wicket	1
wight	1
wigmore	1
wigs	1
wilhelm	1
wiliness	1
wilkins	1
willed	1
willow	1
willows	1
willowy	1
wilt	1
wilton	1
wimbledon	1
wimpole	1
winced	1
wincing	1
winded	1
windfall	1
windowsill	1
wines	1
winked	1
winning	1
winters	1
wipe	1
wiping	1
wires	1
wisher	1
wisp	1
witches	1
withhold	1
withstood	1
witnessing	1
witticisms	1
witty	1
wolfish	1
womanhood	1
womans	1
wonderment	1
wondrously	1
wool	1
woolwich	1
wordsworth	1
wordy	1
workbags	1
workers	1
workman	1
workmen	1
workrooms	1
workshops	1
worried	1
worship	1
worthlessness	1
wouldst	1
wrack	1
wrap	1
wreaked	1
wrecking	1
wrenched	1
wrestle	1
wrestled	1
wriggled	1
wringing	1
writ	1
xix	1
xli	1
xlii	1
xliii	1
xlv	1
xlvii	1
xlviii	1
xvii	1
xxiii	1
xxix	1
xxvi	1
xxvii	1
xxviii	1
xxxiii	1
xxxix	1
xxxv	1
xxxvii	1
xxxviii	1
yell	1
yelp	1
yesternight	1
yon	1
yore	1
youd	1
youths	1
zenith	1
zest	1
zoological	1
